record_id,v1,v2,rule_cited,source,change,note
REC-AICRCTX-000005,low concern,high concern,H4,repass_171+second_read,changed,
REC-AICRCTX-000010,low concern,high concern,H4,repass_171+second_read,changed,
REC-AICRCTX-000017,low concern,low concern,,repass_171,same,
REC-AICRCTX-000019,low concern,high concern,H4,repass_171+H4_keyword_check,changed,H4 por autodeclaración (criterio único)
REC-AICRCTX-000025,low concern,low concern,,repass_171+second_read,same,
REC-AICRCTX-000026,low concern,unclear,,verify_31_v2,changed,
REC-AICRCTX-000031,low concern,low concern,,verify_31_v2,same,sensibilidad: autodeclaración de piloto/PoC; bajo criterio único sería high H4 (no se cambia: muestra fijada)
REC-AICRCTX-000033,low concern,high concern,H3;H4,repass_171+second_read,changed,
REC-AICRCTX-000034,low concern,low concern,,repass_171,same,
REC-AICRCTX-000037,low concern,high concern,H4,repass_171+second_read,changed,
REC-AICRCTX-000038,low concern,low concern,,repass_171,same,
REC-AICRCTX-000039,low concern,low concern,,repass_171,same,
REC-AICRCTX-000041,low concern,high concern,H4,repass_171+second_read+H4_keyword_check,changed,H4 por autodeclaración (criterio único)
REC-AICRCTX-000042,low concern,low concern,,repass_171,same,
REC-AICRCTX-000043,low concern,low concern,,repass_171,same,
REC-AICRCTX-000046,low concern,low concern,,repass_171+second_read,same,
REC-AICRCTX-000047,low concern,low concern,,verify_31_v2,same,
REC-AICRCTX-000048,low concern,low concern,,repass_171+second_read,same,
REC-AICRCTX-000049,low concern,high concern,,verify_31_v2,changed,
REC-AICRCTX-000056,low concern,low concern,,verify_31_v2,same,
REC-AICRCTX-000059,low concern,low concern,,repass_171,same,
REC-AICRCTX-000074,low concern,low concern,,sample_25_R1_blind,same,
REC-AICRCTX-000076,low concern,high concern,H4;H3,repass_171+second_read,changed,
REC-AICRCTX-000078,low concern,high concern,H2,repass_171,changed,
REC-AICRCTX-000079,low concern,high concern,H4,repass_171+second_read,changed,
REC-AICRCTX-000083,low concern,low concern,,sample_25_R1_blind,same,
REC-AICRCTX-000090,low concern,high concern,H3,repass_171+second_read,changed,
REC-AICRCTX-000094,low concern,high concern,H4,repass_171+second_read,changed,
REC-AICRCTX-000098,low concern,low concern,,repass_171,same,
REC-AICRCTX-000103,low concern,high concern,H3,sample_25_R1_blind,changed,
REC-AICRCTX-000107,low concern,unclear,U3,sample_25_R1_blind,changed,
REC-AICRCTX-000109,low concern,low concern,,repass_171+second_read,same,
REC-AICRCTX-000110,low concern,low concern,,repass_171+second_read,same,
REC-AICRCTX-000111,low concern,high concern,H1,sample_25_R1_blind,changed,
REC-AICRCTX-000113,low concern,low concern,,repass_171,same,
REC-AICRCTX-000115,high concern,high concern,H3,repass_171,same,
REC-AICRCTX-000116,low concern,low concern,,repass_171,same,
REC-AICRCTX-000118,low concern,low concern,,repass_171,same,
REC-AICRCTX-000119,low concern,low concern,,repass_171+second_read,same,
REC-AICRCTX-000120,low concern,low concern,,repass_171,same,
REC-AICRCTX-000125,low concern,low concern,,repass_171,same,
REC-AICRCTX-000127,low concern,low concern,,repass_171+second_read,same,
REC-AICRCTX-000129,low concern,low concern,,repass_171+second_read,same,
REC-AICRCTX-000143,low concern,low concern,,repass_171+second_read,same,
REC-AICRCTX-000146,low concern,low concern,,repass_171,same,
REC-AICRCTX-000147,low concern,low concern,,verify_31_v2,same,sensibilidad: autodeclaración de piloto/PoC; bajo criterio único sería high H4 (no se cambia: muestra fijada)
REC-AICRCTX-000148,low concern,low concern,,repass_171,same,
REC-AICRCTX-000149,low concern,unclear,U2,repass_171,changed,
REC-AICRCTX-000151,low concern,low concern,,repass_171+second_read,same,
REC-AICRCTX-000152,low concern,unclear,U3,repass_171,changed,
REC-AICRCTX-000154,low concern,low concern,,repass_171,same,
REC-AICRCTX-000155,low concern,low concern,,sample_25_R1_blind,same,
REC-AICRCTX-000156,low concern,low concern,,repass_171+second_read,same,
REC-AICRCTX-000160,low concern,low concern,,verify_31_v2,same,
REC-AICRCTX-000162,low concern,low concern,,repass_171+second_read,same,
REC-AICRCTX-000165,low concern,high concern,H4,repass_171+second_read,changed,
REC-AICRCTX-000167,low concern,low concern,,repass_171,same,
REC-AICRCTX-000168,low concern,low concern,,repass_171,same,
REC-AICRCTX-000175,low concern,low concern,,repass_171,same,
REC-AICRCTX-000176,low concern,low concern,,repass_171+second_read,same,
REC-AICRCTX-000177,low concern,low concern,,repass_171,same,
REC-AICRCTX-000178,low concern,high concern,H3,repass_171,changed,
REC-AICRCTX-000180,low concern,low concern,,repass_171+second_read,same,
REC-AICRCTX-000184,low concern,low concern,,repass_171+second_read,same,
REC-AICRCTX-000185,low concern,low concern,,repass_171,same,
REC-AICRCTX-000187,low concern,low concern,,repass_171,same,
REC-AICRCTX-000188,low concern,high concern,H3;H6,repass_171,changed,
REC-AICRCTX-000192,low concern,low concern,,repass_171,same,
REC-AICRCTX-000193,low concern,low concern,,repass_171+second_read,same,
REC-AICRCTX-000194,low concern,low concern,,sample_25_R1_blind,same,
REC-AICRCTX-000197,low concern,low concern,,repass_171,same,
REC-AICRCTX-000200,low concern,low concern,,verify_31_v2,same,
REC-AICRCTX-000204,low concern,high concern,H4,sample_25_R1_blind,changed,
REC-AICRCTX-000209,low concern,high concern,H3,repass_171,changed,
REC-AICRCTX-000211,low concern,high concern,H1,repass_171,changed,
REC-AICRCTX-000216,low concern,high concern,H4,repass_171+second_read,changed,
REC-AICRCTX-000217,low concern,low concern,,verify_31_v2,same,
REC-AICRCTX-000218,low concern,unclear,U3,repass_171,changed,
REC-AICRCTX-000219,low concern,high concern,H4,repass_171+second_read,changed,
REC-AICRCTX-000222,low concern,unclear,U2,sample_25_R1_blind,changed,
REC-AICRCTX-000226,low concern,low concern,,repass_171,same,
REC-AICRCTX-000228,low concern,low concern,,repass_171,same,
REC-AICRCTX-000229,low concern,low concern,,repass_171,same,
REC-AICRCTX-000230,low concern,unclear,U3,sample_25_R1_blind,changed,
REC-AICRCTX-000236,low concern,low concern,,verify_31_v2,same,
REC-AICRCTX-000239,low concern,unclear,U3,repass_171+second_read,changed,
REC-AICRCTX-000241,low concern,low concern,,repass_171,same,
REC-AICRCTX-000242,low concern,low concern,,repass_171,same,
REC-AICRCTX-000243,low concern,low concern,,repass_171+second_read,same,
REC-AICRCTX-000244,low concern,high concern,,verify_31_v2,changed,
REC-AICRCTX-000245,low concern,low concern,,repass_171,same,
REC-AICRCTX-000246,unclear,low concern,,verify_31_v2,changed,
REC-AICRCTX-000251,low concern,low concern,,repass_171,same,
REC-AICRCTX-000253,low concern,low concern,,repass_171,same,
REC-AICRCTX-000254,low concern,high concern,H4,repass_171+H4_keyword_check,changed,H4 por autodeclaración (criterio único)
REC-AICRCTX-000255,low concern,low concern,,repass_171,same,
REC-AICRCTX-000257,unclear,low concern,,repass_171,changed,
REC-AICRCTX-000259,low concern,low concern,,repass_171,same,
REC-AICRCTX-000262,low concern,low concern,,repass_171,same,
REC-AICRCTX-000269,low concern,low concern,,repass_171+second_read,same,
REC-AICRCTX-000271,low concern,low concern,,repass_171,same,
REC-AICRCTX-000279,low concern,low concern,,repass_171,same,
REC-AICRCTX-000283,low concern,low concern,,repass_171,same,
REC-AICRCTX-000284,low concern,low concern,,verify_31_v2,same,
REC-AICRCTX-000288,low concern,low concern,,repass_171,same,
REC-AICRCTX-000289,low concern,high concern,H4,repass_171+second_read,changed,
REC-AICRCTX-000290,low concern,low concern,,verify_31_v2,same,
REC-AICRCTX-000291,low concern,low concern,,repass_171,same,
REC-AICRCTX-000292,low concern,low concern,,repass_171,same,
REC-AICRCTX-000293,low concern,low concern,,sample_25_R1_blind,same,
REC-AICRCTX-000294,low concern,low concern,,repass_171,same,
REC-AICRCTX-000295,low concern,low concern,,repass_171+second_read,same,
REC-AICRCTX-000296,low concern,low concern,,repass_171,same,
REC-AICRCTX-000297,low concern,low concern,,repass_171,same,
REC-AICRCTX-000298,low concern,low concern,,repass_171,same,
REC-AICRCTX-000299,low concern,high concern,H4,repass_171+second_read,changed,
REC-AICRCTX-000300,low concern,unclear,U1,repass_171,changed,
REC-AICRCTX-000301,low concern,low concern,,repass_171,same,
REC-AICRCTX-000302,low concern,low concern,,sample_25_R1_blind,same,
REC-AICRCTX-000304,low concern,high concern,H1;H4,repass_171,changed,H4 secundaria por autodeclaración
REC-AICRCTX-000308,low concern,low concern,,sample_25_R1_blind,same,
REC-AICRCTX-000311,low concern,low concern,,repass_171,same,
REC-AICRCTX-000314,low concern,low concern,,repass_171+second_read,same,
REC-AICRCTX-000316,unclear,high concern,H4,repass_171+second_read,changed,
REC-AICRCTX-000317,low concern,low concern,,repass_171,same,
REC-AICRCTX-000318,low concern,low concern,,verify_31_v2,same,
REC-AICRCTX-000319,low concern,low concern,,repass_171,same,
REC-AICRCTX-000322,low concern,low concern,,verify_31_v2,same,
REC-AICRCTX-000325,low concern,high concern,H4,sample_25_R1_blind,changed,
REC-AICRCTX-000327,low concern,low concern,,repass_171,same,
REC-AICRCTX-000328,low concern,unclear,U3,repass_171,changed,
REC-AICRCTX-000331,low concern,low concern,,repass_171,same,
REC-AICRCTX-000336,low concern,low concern,,repass_171,same,
REC-AICRCTX-000338,low concern,unclear,U2,repass_171,changed,
REC-AICRCTX-000339,low concern,high concern,H4,repass_171+second_read,changed,
REC-AICRCTX-000340,low concern,low concern,,repass_171+second_read,same,
REC-AICRCTX-000342,low concern,low concern,,verify_31_v2,same,
REC-AICRCTX-000343,low concern,low concern,,repass_171,same,
REC-AICRCTX-000344,low concern,low concern,,repass_171,same,
REC-AICRCTX-000346,low concern,low concern,,repass_171,same,
REC-AICRCTX-000350,low concern,low concern,,repass_171,same,
REC-AICRCTX-000353,low concern,low concern,,repass_171,same,
REC-AICRCTX-000357,low concern,low concern,,verify_31_v2,same,
REC-AICRCTX-000358,low concern,low concern,,repass_171,same,
REC-AICRCTX-000359,low concern,low concern,,sample_25_R1_blind,same,
REC-AICRCTX-000361,low concern,low concern,,repass_171,same,
REC-AICRCTX-000363,low concern,high concern,H4,repass_171+second_read,changed,
REC-AICRCTX-000364,low concern,low concern,,repass_171,same,
REC-AICRCTX-000370,low concern,low concern,,repass_171,same,
REC-AICRCTX-000371,low concern,low concern,,verify_31_v2,same,sensibilidad: autodeclaración de piloto/PoC; bajo criterio único sería high H4 (no se cambia: muestra fijada)
REC-AICRCTX-000372,low concern,low concern,,repass_171,same,
REC-AICRCTX-000373,low concern,low concern,,repass_171,same,
REC-AICRCTX-000378,low concern,low concern,,repass_171,same,
REC-AICRCTX-000379,low concern,low concern,,repass_171,same,
REC-AICRCTX-000380,low concern,low concern,,repass_171,same,
REC-AICRCTX-000381,low concern,low concern,,repass_171,same,
REC-AICRCTX-000383,low concern,low concern,,repass_171+second_read,same,
REC-AICRCTX-000385,low concern,low concern,,sample_25_R1_blind,same,
REC-AICRCTX-000387,low concern,low concern,,repass_171,same,
REC-AICRCTX-000389,unclear,low concern,,verify_31_v2,changed,
REC-AICRCTX-000393,low concern,high concern,H4,repass_171+second_read,changed,
REC-AICRCTX-000395,low concern,low concern,,verify_31_v2,same,
REC-AICRCTX-000397,low concern,low concern,,repass_171,same,
REC-AICRCTX-000400,low concern,low concern,,sample_25_R1_blind,same,
REC-AICRCTX-000403,low concern,low concern,,repass_171,same,
REC-AICRCTX-000414,low concern,unclear,U1,repass_171,changed,
REC-AICRCTX-000415,low concern,unclear,U1,repass_171,changed,
REC-AICRCTX-000418,low concern,high concern,H4,repass_171+H4_keyword_check,changed,H4 por autodeclaración (criterio único)
REC-AICRCTX-000424,low concern,low concern,,sample_25_R1_blind,same,
REC-AICRCTX-000442,low concern,unclear,U3,repass_171,changed,
REC-AICRCTX-000447,low concern,high concern,,verify_31_v2,changed,
REC-AICRCTX-000449,low concern,high concern,H4,repass_171+second_read+H4_keyword_check,changed,H4 por autodeclaración (criterio único)
REC-AICRCTX-000451,unclear,low concern,,repass_171,changed,
REC-AICRCTX-000453,low concern,low concern,,verify_31_v2,same,
REC-AICRCTX-000458,low concern,high concern,H1;H3;H4,repass_171,changed,H4 secundaria por autodeclaración
REC-AICRCTX-000460,low concern,high concern,H1,sample_25_R1_blind,changed,
REC-AICRCTX-000461,low concern,low concern,,sample_25_R1_blind,same,
REC-AICRCTX-000463,low concern,high concern,H4,repass_171+H4_keyword_check,changed,H4 por autodeclaración (criterio único)
REC-AICRCTX-000466,low concern,high concern,H3,repass_171,changed,
REC-AICRCTX-000467,low concern,high concern,H4,repass_171+second_read,changed,
REC-AICRCTX-000471,low concern,unclear,U2,sample_25_R1_blind,changed,
REC-AICRCTX-000476,low concern,low concern,,repass_171,same,
REC-AICRCTX-000478,low concern,low concern,,repass_171,same,
REC-AICRCTX-000482,low concern,high concern,H2;H3,repass_171,changed,
REC-AICRCTX-000485,low concern,high concern,H4,sample_25_R1_blind,changed,
REC-AICRCTX-000491,unclear,high concern,H1;H6,repass_171+second_read,changed,
REC-AICRCTX-000492,unclear,high concern,H4;H6,repass_171+second_read,changed,
REC-AICRCTX-000496,low concern,low concern,,verify_31_v2,same,
REC-AICRCTX-000497,high concern,high concern,H4;H7,repass_171+second_read,same,
REC-AICRCTX-000498,low concern,low concern,,repass_171,same,
REC-AICRCTX-000503,low concern,unclear,U3,repass_171,changed,
REC-AICRCTX-000505,low concern,high concern,H1,repass_171,changed,
REC-AICRCTX-000510,low concern,low concern,,verify_31_v2,same,
REC-AICRCTX-000511,low concern,high concern,H4,sample_25_R1_blind,changed,
REC-AICRCTX-000512,low concern,high concern,,verify_31_v2,changed,
REC-AICRCTX-000518,unclear,high concern,H3;H1,repass_171,changed,
REC-AICRCTX-000519,low concern,high concern,H1;H3,repass_171,changed,
REC-AICRCTX-000528,low concern,low concern,,repass_171+second_read,same,
REC-AICRCTX-000542,low concern,low concern,,repass_171+second_read,same,
REC-AICRCTX-000567,low concern,high concern,H3,repass_171,changed,
REC-AICRCTX-000569,low concern,low concern,,repass_171,same,
REC-AICRCTX-000613,low concern,high concern,H4,repass_171+H4_keyword_check,changed,H4 por autodeclaración (criterio único)
REC-AICRCTX-000618,low concern,high concern,H1,repass_171,changed,
REC-AICRCTX-000633,low concern,high concern,H1,repass_171,changed,
REC-AICRCTX-000642,low concern,low concern,,repass_171,same,
REC-AICRCTX-000643,unclear,high concern,H4,repass_171+second_read,changed,
REC-AICRCTX-000651,unclear,high concern,H4,repass_171+second_read,changed,
REC-AICRCTX-000683,unclear,high concern,H3,repass_171+second_read,changed,
REC-AICRCTX-000701,unclear,low concern,,verify_31_v2,changed,
REC-AICRCTX-000704,low concern,low concern,,repass_171,same,
REC-AICRCTX-000711,low concern,low concern,,repass_171,same,
REC-AICRCTX-000712,low concern,high concern,,verify_31_v2,changed,
REC-AICRCTX-000730,low concern,low concern,,repass_171,same,
REC-AICRCTX-000739,low concern,high concern,H4,repass_171+second_read,changed,
REC-AICRCTX-000742,low concern,low concern,,repass_171+second_read,same,lecturas discrepantes: 1ª high H4; 2ª (texto completo) low
REC-AICRCTX-000752,low concern,high concern,,verify_31_v2,changed,
REC-AICRCTX-000754,low concern,high concern,H1,repass_171,changed,
REC-AICRCTX-000756,low concern,low concern,,repass_171,same,
REC-AICRCTX-000763,low concern,high concern,H1;H4,repass_171+second_read,changed,
REC-AICRCTX-000764,low concern,high concern,H3;H1,repass_171+second_read,changed,
REC-AICRCTX-000777,low concern,low concern,,repass_171,same,
REC-AICRCTX-000791,unclear,high concern,H1,sample_25_R1_blind,changed,
REC-AICRCTX-000799,unclear,low concern,,repass_171,changed,
REC-AICRCTX-000809,low concern,high concern,H1,sample_25_R1_blind,changed,
REC-AICRCTX-000812,low concern,low concern,,verify_31_v2,same,
REC-AICRCTX-000823,low concern,low concern,,verify_31_v2,same,
REC-AICRCTX-000830,low concern,low concern,,repass_171,same,
