record_id,title,year,journal,authors,doi,pubmed_id,primary_url,exclusion_reason
REC-AICRCTX-000035,A multimodal interpretable deep learning-radiomics framework for predicting lymph node metastasis following neoadjuvant chemoradiotherapy in locally advanced rectal cancer: a multicenter validation study.,2026,NPJ Precis Oncol,Wei Q; Zhao C; Chen Z; Tang Y; Chen W; Zhong L; Hu S; Wu Y; Yang W; Liu X,10.1038/s41698-026-01510-1,42215698,https://doi.org/10.1038/s41698-026-01510-1,wrong intervention
REC-AICRCTX-000044,Integrating MRI habitat heterogeneity and peritumoral radiomics into a nomogram for optimized risk stratification in locally advanced rectal cancer: a multicenter study.,2026,Front Oncol,Zhang L; Lin J; Li D; Wang G; Qu X,10.3389/fonc.2026.1739343,42094203,https://doi.org/10.3389/fonc.2026.1739343,wrong intervention
REC-AICRCTX-000081,Automating tumor-stroma ratio quantification in colon cancer patients from the UNITED study.,2026,ESMO Open,Heilijgers F; Polack M; Roodvoets AGH; Meershoek-Klein Kranenbarg E; Peeters KCMJ; Buettner R; Tolkach Y; Mesker WE,10.1016/j.esmoop.2025.105934,41468683,https://doi.org/10.1016/j.esmoop.2025.105934,wrong outcome
REC-AICRCTX-000088,Machine learning combined with body composition predicts surgical difficulty in mid-low rectal cancer surgery.,2025,Ann Med,Li X; Zhang X; Zhou C; Sheng M; He T; Yang X; Wu Y; Xing C,10.1080/07853890.2025.2582235,41243606,https://doi.org/10.1080/07853890.2025.2582235,wrong outcome
REC-AICRCTX-000263,Correlation of Pre- and Post-radio-chemotherapy MRI Texture Features With Tumor Response in Rectal Cancer.,2023,Anticancer Res,Paiar F; Gabelloni M; Pasqualetti F; Cocuzza P; Montrone S; Arena C; Faggioni L; Falaschi Z; Del Secco L; Alberich-Bayarri A; Bonmati LM; Neri E,10.21873/anticanres.16218,36697103,https://doi.org/10.21873/anticanres.16218,wrong intervention
REC-AICRCTX-000307,Using Multi-Scale Convolutional Neural Network Based on Multi-Instance Learning to Predict the Efficacy of Neoadjuvant Chemoradiotherapy for Rectal Cancer.,2022,IEEE J Transl Eng Health Med,Zhang D; Duan Y; Guo J; Wang Y; Yang Y; Li Z; Li Z; Wang K; Wu L; Yu M,10.1109/jtehm.2022.3156851,35317416,https://doi.org/10.1109/jtehm.2022.3156851,wrong outcome
REC-AICRCTX-000408,Deep learning for predicting patient drug response by transferring gene-level and cell-level knowledge to tumors.,2026,NPJ Precis Oncol,Sung I; Bang D; Kim S; Lee S,10.1038/s41698-026-01491-1,42162195,https://doi.org/10.1038/s41698-026-01491-1,wrong outcome
REC-AICRCTX-000413,Multi-omics analysis reveals features improving outcomes and immunotherapy resistance in MSS colorectal cancer.,2026,iScience,Xu H; Zuo A; Ba Y; Liu S; Han X; Liu Z; Zhu H,10.1016/j.isci.2026.114817,41852723,https://doi.org/10.1016/j.isci.2026.114817,wrong outcome
REC-AICRCTX-000437,"Tumour-Infiltrating Lymphocytes, Tumour Cell Density, and Response to Neoadjuvant Short-Course Radiotherapy in Rectal Cancer: A Translational Sub-Study from the MRC CR07 Clinical Trial.",2025,Cancers (Basel),Callaghan JP; Jarrett R; Westwood AC; Laye J; Quirke P; Magee DR; Bottomley D; Sebag-Montefiore D; Thompson L; Meade A; Grabsch HI; West NP,10.3390/cancers17183040,41008883,https://doi.org/10.3390/cancers17183040,wrong intervention
REC-AICRCTX-000444,Integrative analysis of multi-omics data and gut microbiota composition reveals prognostic subtypes and predicts immunotherapy response in colorectal cancer using machine learning.,2025,Sci Rep,Wang J; Cong Y; Tang B; Liu J; Pu K,10.1038/s41598-025-08915-1,40652009,https://doi.org/10.1038/s41598-025-08915-1,wrong outcome
REC-AICRCTX-000473,Wavelet scattering networks in deep learning for discovering protein markers in a cohort of Swedish rectal cancer patients.,2023,Cancer Med,Pham TD; Sun XF,10.1002/cam4.6672,38014709,https://doi.org/10.1002/cam4.6672,wrong outcome
REC-AICRCTX-000479,Deep learning for the prediction of the chemotherapy response of metastatic colorectal cancer: comparing and combining H&E staining histopathology and infrared spectral histopathology.,2023,Analyst,Brunel B; Prada P; Slimano F; Boulagnon-Rombi C; Bouché O; Piot O,10.1039/d3an00627a,37466305,https://doi.org/10.1039/d3an00627a,wrong outcome
REC-AICRCTX-000494,Can the computed tomography texture analysis of colorectal liver metastases predict the response to first-line cytotoxic chemotherapy?,2022,World J Hepatol,Rabe E; Cioni D; Baglietto L; Fornili M; Gabelloni M; Neri E,10.4254/wjh.v14.i1.244,35126852,https://doi.org/10.4254/wjh.v14.i1.244,wrong intervention
REC-AICRCTX-000517,Delta radiomics for rectal cancer response prediction with hybrid 0.35 T magnetic resonance-guided radiotherapy (MRgRT): a hypothesis-generating study for an innovative personalized medicine approach.,2019,Radiol Med,Boldrini L; Cusumano D; Chiloiro G; Casà C; Masciocchi C; Lenkowicz J; Cellini F; Dinapoli N; Azario L; Teodoli S; Gambacorta MA; De Spirito M; Valentini V,10.1007/s11547-018-0951-y,30374650,https://doi.org/10.1007/s11547-018-0951-y,wrong intervention
REC-AICRCTX-000532,Artificial Intelligence-Assisted Risk Stratification in Stage II Colorectal Cancer: Multi-Institutional Validation of Semantically Enhanced Deep Learning.,2026,Gastroenterology,Magisson F; He Z; Millward J; Harris A; Chen Z; Mielke LA; Tran K; Ward RL; Hawkins NJ; Sieber OM; Wong R; Shapiro J; Harris S; Khattak A; Burge M; Gibbs P; Tie J; Williams DS,10.1053/j.gastro.2026.07.009,42521098,https://doi.org/10.1053/j.gastro.2026.07.009,wrong outcome
REC-AICRCTX-000540,Machine learning for predicting surgical difficulty of laparoscopic total mesorectal excision for rectal cancer: integrating MR-based pelvimetry and peritoneal reflection.,2026,Front Med (Lausanne),Zhang S; Chen F; Liu M; Chen Y; Jing G; Ma X; Shao C; Shi X,10.3389/fmed.2026.1853753,42369141,https://doi.org/10.3389/fmed.2026.1853753,wrong outcome
REC-AICRCTX-000541,Survival prediction in colorectal cancer liver metastases using machine learning with SHAP-based interpretation.,2026,Front Oncol,Li N; Dong B; Liang Y; Liu L; Wang X; Zhang C; Hao S,10.3389/fonc.2026.1836991,42358557,https://doi.org/10.3389/fonc.2026.1836991,wrong outcome
REC-AICRCTX-000584,Radiomics of portal-phase ring enhancement: a novel imaging biomarker for bevacizumab response associated with overall survival rates. It might help with surgical decision-making in colorectal liver metastases?,2026,Updates Surg,Brunese MC; Clemente A; De Chiara M; Nardone V; Spiezia S; Avella P; Martinelli E; Chini MG; Urraro F; Reginelli A; Cappabianca S,10.1007/s13304-025-02501-w,41606201,https://doi.org/10.1007/s13304-025-02501-w,wrong outcome
REC-AICRCTX-000598,Delta-Radiomics Biomarker in Colorectal Cancer Liver Metastases Treated with Cetuximab Plus Avelumab (CAVE Trial).,2025,Diagnostics (Basel),Nardone V; Patanè V; Marinelli L; D'Ambrosio L; Del Tufo S; De Chiara M; Brunese MC; Rubini D; Grassi R; Russo A; Belfiore MP; Ciardiello F; Cappabianca S; Martinelli E; Reginelli A,10.3390/diagnostics15222914,41300938,https://doi.org/10.3390/diagnostics15222914,wrong outcome
REC-AICRCTX-000600,"Predicting chemotherapy-induced myelosuppression in colorectal cancer: An interpretable, machine learning-based nomogram.",2025,World J Gastroenterol,Liu YM; Du YY; Song Y; Xiong HT; Yu HB; Li BH; Cai L; Ma SS; Gao J; Zhang HY; Fang RY; Cai R; Zheng HG,10.3748/wjg.v31.i42.112180,41278162,https://doi.org/10.3748/wjg.v31.i42.112180,wrong publication type
REC-AICRCTX-000629,Prediction of 5-year postoperative survival and analysis of key prognostic factors in stage III colorectal cancer patients using novel machine learning algorithms.,2025,Front Oncol,Zhang W; Li Y; Jia J; Yang Y; Hu Y; Wang Y; Wang J,10.3389/fonc.2025.1604386,40727467,https://doi.org/10.3389/fonc.2025.1604386,wrong outcome
REC-AICRCTX-000689,Novel Artificial Intelligence Combining Convolutional Neural Network and Support Vector Machine to Predict Colorectal Cancer Prognosis and Mutational Signatures From Hematoxylin and Eosin Images.,2024,Mod Pathol,Mazaki J; Umezu T; Saito A; Katsumata K; Fujita K; Hashimoto M; Kobayashi M; Udo R; Kasahara K; Kuwabara H; Ishizaki T; Matsubayashi J; Nagao T; Hazama S; Suzuki N; Nagano H; Tanaka T; Tsuchida A; Nagakawa Y; Kuroda M,10.1016/j.modpat.2024.100562,39019345,https://doi.org/10.1016/j.modpat.2024.100562,wrong outcome
REC-AICRCTX-000691,Longitudinal Risk Analysis of Second Primary Cancer after Curative Treatment in Patients with Rectal Cancer.,2024,Diagnostics (Basel),Hsia JY; Chang CC; Liu CF; Chou CL; Yang CC,10.3390/diagnostics14131461,39001350,https://doi.org/10.3390/diagnostics14131461,wrong outcome
REC-AICRCTX-000710,Machine learning based local recurrence prediction in colorectal cancer using polarized light imaging.,2024,J Biomed Opt,Majumdar A; Lad J; Tumanova K; Serra S; Quereshy F; Khorasani M; Vitkin A,10.1117/1.jbo.29.5.052915,38077502,https://doi.org/10.1117/1.jbo.29.5.052915,wrong outcome
REC-AICRCTX-000741,Association of CT-Based Delta Radiomics Biomarker With Progression-Free Survival in Patients With Colorectal Liver Metastases Undergo Chemotherapy.,2022,Front Oncol,Ye S; Han Y; Pan X; Niu K; Liao Y; Meng X,10.3389/fonc.2022.843991,35692757,https://doi.org/10.3389/fonc.2022.843991,wrong outcome
REC-AICRCTX-000753,Deep learning for the prediction of early on-treatment response in metastatic colorectal cancer from serial medical imaging.,2021,Nat Commun,Lu L; Dercle L; Zhao B; Schwartz LH,10.1038/s41467-021-26990-6,34789774,https://doi.org/10.1038/s41467-021-26990-6,wrong outcome
REC-AICRCTX-000788,Use of Artificial Intelligence in Analysis of Endoscopic Images Following Complete Clinical Response in Rectal Cancer,2025,,Javed MA; Mascarenhas M; Mendes F; Carvalho E; Rajan R; Santos A; Khan Z; Blake I; Ahmed S,10.21203/rs.3.rs-7775722/v1,,https://doi.org/10.21203/rs.3.rs-7775722/v1,wrong publication type
REC-AICRCTX-000803,Dissecting T-cell exhaustion heterogeneity and immune ecosystem dynamics in colorectal cancer through multi-omics machine learning,2026,,Zhang Z; Ouyang P; Cui K; Wen Y; Deng X; Chen W; Xian Z; Qi Q; Bao Z; Gong J; He X,10.21203/rs.3.rs-8910521/v1,,https://doi.org/10.21203/rs.3.rs-8910521/v1,wrong publication type
REC-AICRCTX-000806,Personalized Risk Stratification in Colon Cancer using Radiomic-Based Predictive Models,2025,,Collado M; Castillo ME; Larriba MJ; Galindo-Pumariño C; Flores C; Ferreiro R; Canales E; García R; Avendaño-Ortiz J; Gonzalez-Sancho JM; de la Pinta C; Peña C,10.1101/2025.11.27.25341095,,https://doi.org/10.1101/2025.11.27.25341095,wrong outcome
REC-AICRCTX-000810,Integrative Analysis of Multi-Omics Data and Gut Microbiota Composition Reveals Prognostic Subtypes and Predicts Immunotherapy Response in Colorectal Cancer Using Machine Learning,2025,,Wang J; Yuan C; Tang B; Liu J; Pu K,10.21203/rs.3.rs-5669193/v1,,https://doi.org/10.21203/rs.3.rs-5669193/v1,wrong publication type
REC-AICRCTX-000813,Application of Transrectal Contrast-enhanced Ultrasound Imaging-based Radiomics Model in Predicting the Efficacy of Neoadjuvant chemoradiotherapy for Locally Advanced Rectal Cancer,2023,,Liao Z; Gao C; Yang Y; Luo Y; Yin H; Zhang Y; Zhuang H,10.21203/rs.3.rs-3375297/v1,,https://doi.org/10.21203/rs.3.rs-3375297/v1,wrong publication type
REC-AICRCTX-000816,Multiphase and multiparameter MRI-based radiomics for prediction of tumor response to neoadjuvant therapy in locally advanced rectal cancer,2023,,Huang H; Han L; Guo J; Zhang Y; Lin S; Chen S; Lin X; Cheng C; Guo Z; Qiu Y,10.21203/rs.3.rs-2910052/v1,,https://doi.org/10.21203/rs.3.rs-2910052/v1,wrong publication type
REC-AICRCTX-000820,Machine Learning for Predicting Pathological Complete Response in Patients with Locally Advanced Rectal Cancer after Neoadjuvant Chemoradiotherapy,2020,,Huang C; Huang M; Huang C; Tsai H; Su W; Chang W; Wang J; Shi H,10.21203/rs.3.rs-19745/v1,,https://doi.org/10.21203/rs.3.rs-19745/v1,wrong publication type
REC-AICRCTX-000821,Therapeutic Response Prediction to Neoadjuvant Chemotherapy for Rectal Cancer Using the Deep Learning Approach,2022,,Kubota S; Wakiya T; Morohashi H; Miura T; Kanda T; Ichiyama S; Soma K; Matsuzaka M; Sasaki Y; Sakamoto Y; Hakamada K,10.21203/rs.3.rs-2049550/v1,,https://doi.org/10.21203/rs.3.rs-2049550/v1,wrong publication type
REC-AICRCTX-000824,Optimization of Neoadjuvant Chemotherapy for Rectal Cancer Using the Deep Learning Approach,2022,,Kubota S; Wakiya T; Morohashi H; Miura T; Kanda T; Ichiyama S; Soma K; Matsuzaka M; Sasaki Y; Sakamoto Y; Hakamada K,10.21203/rs.3.rs-1661574/v1,,https://doi.org/10.21203/rs.3.rs-1661574/v1,wrong publication type
REC-AICRCTX-000826,Predicting Rectal Cancer Response to Total Neoadjuvant Treatment Using Artificial Intelligence Modeling Based on Magnetic Resonance Imaging and Clinical Data,2022,,Ouyang G; Chen Z; Dou M; Luo X; Wen H; Deng X; Meng W; Yu Y; Wu B; Jiang D; Wang Z; Luo F; Yao Y; Wang X,10.21203/rs.3.rs-1909236/v1,,https://doi.org/10.21203/rs.3.rs-1909236/v1,wrong publication type
REC-AICRCTX-000831,A data-driven approach to a chemotherapy recommendation model based on deep learning for patients with colorectal cancer in Korea,2020,,Park J; Baek J; Sym SJ; Lee K; Lee Y,10.21203/rs.2.21064/v4,,https://doi.org/10.21203/rs.2.21064/v4,wrong publication type
REC-AICRCTX-000832,Image-Based Consensus Molecular Subtyping in Rectal Cancer Biopsies and Response to Neoadjuvant Chemoradiotherapy,2023,,Lafarge MW; Domingo E; Sirinukunwattana K; Wood R; Samuel L; Murray G; Richman SD; Blake A; Sebag-Montefiore D; Gollins S; Klieser E; Neureiter D; Huemer F; Greil R; Dunne P; Quirke P; Weiss L; Rittscher J; Maughan T; Koelzer VH,10.1101/2023.10.26.23297521,,https://doi.org/10.1101/2023.10.26.23297521,wrong publication type
REC-AICRCTX-000835,Development and validation of a multi-modal ultrasomics model to predict response to neoadjuvant chemoradiotherapy in locally advanced rectal cancer,2023,,Qin Q; Gan X; Lin P; Pang J; Gao R; Wen R; Liu D; Tang Q; Liu C; He Y; Yang H; Wu Y,10.21203/rs.3.rs-3256127/v1,,https://doi.org/10.21203/rs.3.rs-3256127/v1,wrong publication type
REC-AICRCTX-000836,Local Tuning of Radiomics-Based Model for Predicting Pathological Response to Neoadjuvant Chemoradiotherapy in Locally Advanced Rectal Cancer,2022,,Tang B; Lenkowicz J; Peng Q; Boldrini L; Hou Q; Dinapoli N; Valentini V; Diao P; Yin G; Orlandini LC,10.21203/rs.3.rs-1270546/v1,,https://doi.org/10.21203/rs.3.rs-1270546/v1,wrong publication type
REC-AICRCTX-000837,Metabolic and Texture Features of PET/CT Scan to Predict Response in Patients with Locally Advanced Rectal Cancer Treated by Concurrent Neoadjuvant Chemoradiotherapy,2022,,aarabi m; shayesteh sp; Alikhassi A; Esfahani AF; Geramifar P; Bitarafan-Rajabi A,10.21203/rs.3.rs-1203807/v1,,https://doi.org/10.21203/rs.3.rs-1203807/v1,wrong intervention
REC-AICRCTX-000838,Prediction of Complete Pathological Response to Neo-Adjuvant Chemoradiotherapy Using Magnetic Resonance Imaging-Based Radiomics Analysis in Locally Advanced Rectal Cancer.,2021,Int J Radiat Oncol Biol Phys,Bordron A; Bourbonne V; Emmanuel R; Badic B; Miranda O; Pradier O; Hatt M; Visvikis D; Lucia F; Schick U,10.1016/j.ijrobp.2021.07.395,34701726,https://doi.org/10.1016/j.ijrobp.2021.07.395,wrong publication type
REC-AICRCTX-000840,From the Core to the Border of Locally Advanced Rectal Cancer: A Novel MRI-based Clinical-Radiomic Model Early Predicts Treatment Response,2020,,Pizzi AD; Chiarelli A; Chiacchiaretta P; d'Annibale M; Croce P; Rosa C; Mastrodicasa D; Trebeschi S; Lambregts D; Caposiena D; Serafini F; Basilico R; Cocco G; Sebastiano PD; Cinalli S; Ferretti A; Wise R; Genovesi D; Beets-Tan R; Caulo M,10.21203/rs.3.rs-108041/v1,,https://doi.org/10.21203/rs.3.rs-108041/v1,wrong publication type
REC-AICRCTX-000845,Local Tuning of an Existing Externally Developed Radiomic-Based Model for Predicting Patient Outcome in Locally Advanced Rectal Cancer.,2021,Int J Radiat Oncol Biol Phys,Tang B; Peng Q; Lenkowicz J; Boldrini L; Hou Q; Dinapoli N; Valentini V; Orlandini LC,10.1016/j.ijrobp.2021.07.506,34700691,https://doi.org/10.1016/j.ijrobp.2021.07.506,wrong publication type
