record_id,title,year,journal,authors,doi,pubmed_id,primary_url
REC-AICRCTX-000005,MRI radiomics-based machine learning model for complete response classification after chemoradiotherapy in advanced rectal cancer.,2026,Digit Health,Min JY; Park JY; Kim YJ; Jeon Y; Kim KG; Baek JH,10.1177/20552076261484806,42682693,https://doi.org/10.1177/20552076261484806
REC-AICRCTX-000010,Metabolic dynamic score and machine learning: a novel approach to predicting pathological complete response in rectal cancer after neoadjuvant chemoradiotherapy.,2026,Front Oncol,Peng T; Zhang Q; Lai X; Pan Z; Chen B; Zhuang Z; Zheng S; Liu X; Zhuang J; Lu X; Guan G; Li S,10.3389/fonc.2026.1910909,42630199,https://doi.org/10.3389/fonc.2026.1910909
REC-AICRCTX-000017,"Prediction of Pathological Complete Response after Chemoradiation for Locally Advanced Rectal Cancer Using Machine Learning with Clinical Features, the INTERCEPTOR Study Preliminary Model.",2026,J Anus Rectum Colon,Mens D; Shin S; Akram F; Stubbs A; Doukas M; Verhoef C; Hilling D; von der Thüsen J,10.23922/jarc.2025-106,42539793,https://doi.org/10.23922/jarc.2025-106
REC-AICRCTX-000019,Tumour cell density quantified by artificial intelligence is associated with differential benefit from irinotecan-based chemo-radiotherapy in locally advanced rectal cancer: a post-hoc study of the phase 3 ARISTOTLE trial.,2026,EBioMedicine,Shen Z; Brand D; Simard M; West NP; Lopes A; Begum R; Zhang Y; Royle G; Sebag-Montefiore D; Collins Fekete CA; Hawkins MA,10.1016/j.ebiom.2026.106397,42509089,https://doi.org/10.1016/j.ebiom.2026.106397
REC-AICRCTX-000025,MRI-Based Radiomics to Predict Response to Neoadjuvant Therapy in Locally Advanced Rectal Cancer: A Retrospective Study.,2026,J Pers Med,Ambrosini I; Francischello R; Fanni SC; Faggioni L; Caputo FP; Cwiklinska K; Aghakhanyan G; Neri E; Lencioni R; Cioni D,10.3390/jpm16060282,42346593,https://doi.org/10.3390/jpm16060282
REC-AICRCTX-000026,Development and evaluation of an explainable machine learning selection pipeline for predicting neoadjuvant chemoradiotherapy response in locally advanced rectal cancer.,2026,J Transl Med,Xu Y; Gong W; Ji L; Xing Z; Zhu Z; Jin Z; Zhang J; Wang X; Qin S; Jiao Y; Wang L,10.1186/s12967-026-08307-7,42343388,https://doi.org/10.1186/s12967-026-08307-7
REC-AICRCTX-000031,Development and validation of an interpretable machine learning model for predicting postoperative complications after transanal total mesorectal excision: a multicenter study.,2026,Tech Coloproctol,Jingtao Z; Jun Y; Shaoqin C; Chunlin L; Zihang C; Weilong L; Zhixiong L; Guangwei Z; Jianxin Y,10.1007/s10151-026-03344-2,42240684,https://doi.org/10.1007/s10151-026-03344-2
REC-AICRCTX-000033,Photoacoustic-ultrasound endoscopy for assessment of rectal cancer treatment response: A prospective study with T2-weighted MRI radiomics comparison.,2026,Photoacoustics,Nie H; Thakur S; Shetty A; Wang L; Hossain MI; Kou S; Eltahir A; Yee J; Luo A; Hunt SR; Mutch MG; Chapman WC Jr; Zhu Q,10.1016/j.pacs.2026.100840,42232466,https://doi.org/10.1016/j.pacs.2026.100840
REC-AICRCTX-000034,Radiomics analysis of restaging MRI for detection of pathological complete response in locally advanced rectal cancer.,2026,Eur J Radiol Open,Ambrosini I; Francischello R; Fanni SC; Faggioni L; Aringhieri G; Fruzza R; Cwiklinska K; Caputo FP; Aghakhanyan G; Neri E; Lencioni R; Cioni D,10.1016/j.ejro.2026.100762,42222428,https://doi.org/10.1016/j.ejro.2026.100762
REC-AICRCTX-000037,KRAS&lt;sup&gt;G12V/A146T&lt;/sup&gt; mutations are associated with nCRT resistance via enhanced DNA double-strand break repair and support a deep learning prediction framework in LARC.,2026,Cell Mol Biol Lett,Liu H; Bu D; Yu G; Wei R; Jin H; Liu Y; Guan X; Zhao Z; Chen H; Zhao Y; Jiang Z,10.1186/s11658-026-00947-3,42210090,https://doi.org/10.1186/s11658-026-00947-3
REC-AICRCTX-000038,Personalized neoadjuvant treatment regimen selection in locally advanced rectal cancer based on regimen-specific response modeling.,2026,NPJ Digit Med,Liu X; Tang Y; Zhang S; Bian H; Shu H; Liao L; Pang X; Lv Q; Chen J; Ding P; Liu P; Shen Y; Wang Z; Zhu S; Tian J; Liu Z; Wang X,10.1038/s41746-026-02798-w,42192138,https://doi.org/10.1038/s41746-026-02798-w
REC-AICRCTX-000039,Integrating CT-Based Radiomics Analysis With Serum CEA Level to Predict Neoadjuvant Chemoradiotherapy Response in Colorectal Cancer.,2026,Kaohsiung J Med Sci,Moi SH; Huang MY; Yang SH; Chen CJ; Jhong YP; Hsu TW; Ke CC,10.1002/kjm2.70241,42186813,https://doi.org/10.1002/kjm2.70241
REC-AICRCTX-000041,Automated deep learning model for predicting pathological complete response in rectal cancer: A tool to organ-preserving strategies.,2026,Int J Colorectal Dis,J MA; F LM; D MV; L PS; I PL; A GS; N TL; B CP; M RC; G LA; M M; V PM,10.1007/s00384-026-05155-1,42171757,https://doi.org/10.1007/s00384-026-05155-1
REC-AICRCTX-000042,MRI Based Radiomics as an Imaging Biomarker for Locally Advanced Carcinoma Rectum: Predicting Tumor Response Following Neoadjuvant Chemoradiotherapy as an Organ Preservation Strategy.,2026,Cancer Rep (Hoboken),Puppalwar A; Engineer R; Jha AK; Gudi S; Krishnartry R; Nayak P; Agarwal JP; Goda JS,10.1002/cnr2.70574,42157434,https://doi.org/10.1002/cnr2.70574
REC-AICRCTX-000043,Use of artificial intelligence in analysis of endoscopic images to detect residual disease or regrowth in rectal patients with complete clinical response to neoadjuvant chemoradiotherapy.,2026,Tech Coloproctol,Javed MA; Mascarenhas M; Mendes F; Carvalho E; Rajan R; Santos A; Khan Z; Blake I; Ahmed S,10.1007/s10151-026-03333-5,42133104,https://doi.org/10.1007/s10151-026-03333-5
REC-AICRCTX-000046,Prediction of tumor regression grading in rectal cancer neoadjuvant chemoradiotherapy: a habitat radiomics analysis of imaging biomarker.,2026,BMC Med Imaging,Sha X; Dou X; Ma L; Qiu Q; Li Z; Li T; Cui Y; Shu H; Yin Y,10.1186/s12880-026-02397-x,42087101,https://doi.org/10.1186/s12880-026-02397-x
REC-AICRCTX-000047,Macro Habitat-Based T2-Weighted MRI Radiomics and Deep Learning Fusion for Predicting Treatment Response and Prognosis After Neoadjuvant Chemoradiotherapy in Locally Advanced Rectal Cancer.,2026,Cancer Med,Jin X; Xu J; Hu Y; Chen X; Li S; Wei Q; Dieter S; Feng B,10.1002/cam4.71773,42071310,https://doi.org/10.1002/cam4.71773
REC-AICRCTX-000048,Transformer-based Siamese multimodal imaging model for predicting pathological complete response after neoadjuvant chemoradiotherapy in locally advanced rectal cancer.,2026,BMC Cancer,Xu J; Chen X; Hu Y; Li S; Wei Q; Dieter SM; Feng B,10.1186/s12885-026-16049-4,42062990,https://doi.org/10.1186/s12885-026-16049-4
REC-AICRCTX-000049,Variant-to-Biomarker Integration and Mechanistic Validation Identify CES1 as a Copy Number-Linked Predictor of Radiotherapy Response in Rectal Cancer.,2026,Hum Mutat,Yang X; Zheng M; Lu X; Li Y,10.1155/humu/9790288,42040897,https://doi.org/10.1155/humu/9790288
REC-AICRCTX-000056,Exploring Machine Learning Approaches for Decision Support in Neoadjuvant Therapy of Locally Advanced Rectal Cancer.,2026,Oncol Res,Dhar E; Kabir MA; Nadar DR; Kuo LJ; Jonnagaddala J; Huang Y; Uddin M; Syed-Abdul S,10.32604/or.2026.074385,41930174,https://doi.org/10.32604/or.2026.074385
REC-AICRCTX-000059,Interpretable machine learning models based on CT radiomics for predicting chemoradiotherapy response in rectal cancer.,2026,BMC Med Imaging,Li J; Huang S; Peng Y; Peng H; Hu W; Sun M; Dong Y; Zhao N; Li Z; Jin F; Wang N,10.1186/s12880-026-02269-4,41857541,https://doi.org/10.1186/s12880-026-02269-4
REC-AICRCTX-000074,"Interpretable Artificial Intelligence in Assisting Treatment Response Prediction for Locally Advanced Rectal Cancer After Neoadjuvant Chemoradiotherapy: A Prospective, Multicenter, Human-Model Interaction Study.",2026,Int J Radiat Oncol Biol Phys,Pang X; Chen X; Zeng G; Ma Y; Hong M; Feng L; Xie P; Wei K; Shi J; Cheng Z; Han W; Cai H; Liu Z; Fan X; Wan X,10.1016/j.ijrobp.2025.12.025,41556864,https://doi.org/10.1016/j.ijrobp.2025.12.025
REC-AICRCTX-000076,Integrative analysis of transcriptomic data reveals a predictive gene signature for chemoradiotherapy response in rectal cancer.,2026,iScience,Corrò C; Carvalho JVM; Rapti M; Angelino P; Tihy M; Bakaric A; Puppa G; Wirapati P; Durham A; Ris F; Tissot S; Thevenet J; Zlobec I; Dutoit V; Pittet M; Tsantoulis P; Koessler T,10.1016/j.isci.2025.114455,41550766,https://doi.org/10.1016/j.isci.2025.114455
REC-AICRCTX-000078,"A noninvasive AI model based on multi-dimensional MRI features for predicting tertiary lymphoid structures, immunotherapy response, and prognosis in rectal cancer.",2026,Int J Surg,Yang H; Wong C; Liang W; Xie P; Chen G; Ma D; Liu W; Xie X; Liu Z; Zhang H; Fu Y; Meng X,10.1097/js9.0000000000003845,41499583,https://doi.org/10.1097/js9.0000000000003845
REC-AICRCTX-000079,Integrating single-cell and bulk transcriptomes identifies B cell features associated with neoadjuvant chemoradiotherapy sensitivity in rectal cancer.,2026,Sci Rep,Xia H; Lin Y; Li Z; Zeng L; Yao Q; Xu B; Zheng R,10.1038/s41598-025-31068-0,41484196,https://doi.org/10.1038/s41598-025-31068-0
REC-AICRCTX-000083,MR-DELTAnet: A Longitudinal MRI-Transformer Model Predicting Pathological Complete Response and Revealing Immune Microenvironment via scRNA-seq in Locally Advanced Rectal Cancer.,2026,Adv Sci (Weinh),Cao W; Chen H; Li J; Zheng Y; Xie L; Xiao G; Wang Z; Yuan F; Chen J; Sun C; Dai J; Zeng J; Wang X; Wu L; Lin H,10.1002/advs.202517721,41417633,https://doi.org/10.1002/advs.202517721
REC-AICRCTX-000090,A comprehensive feature importance analysis of surgical site infection following colorectal cancer surgery.,2025,Sci Rep,Rahimi M; Ansari M; Abdollahi A; Gholinezhadan A; Taherynezhad M; Zarif-Sadeghian M; Tabatabaei SM; Shahabi F,10.1038/s41598-025-23722-4,41238719,https://doi.org/10.1038/s41598-025-23722-4
REC-AICRCTX-000094,Exploring radiomic and topological features to evaluate treatment response in rectal cancer.,2025,Phys Med Biol,Zhang H; Liu J; Rajamohan N; Sanford NN; Khatri G; Rodriguez AP; Rajaram S; Jiang S; Timmerman R; Aguilera T; Peng H,10.1088/1361-6560/ae117f,41067249,https://doi.org/10.1088/1361-6560/ae117f
REC-AICRCTX-000098,Development and validation of machine-learning model based on dynamic tumor markers in predicting pathological complete response after neoadjuvant chemoradiotherapy in patients with locally advanced rectal cancer: a multicenter cohort study.,2025,Int J Colorectal Dis,Chen B; Peng T; Pan Z; Li S; Wang Y; Zheng S; Zhuang J; Liu X; Lu X; Zeng C; Guan G,10.1007/s00384-025-04993-9,41003803,https://doi.org/10.1007/s00384-025-04993-9
REC-AICRCTX-000103,Deep Learning-Based Multimodal Prediction of NAC Response in LARC by Integrating MRI and Proteomics.,2025,Cancer Res Treat,Li Y; Ding J; Du F; Wang Z; Liu Z; Liu Y; Zhou Y; Zhang Q,10.4143/crt.2025.707,40907572,https://doi.org/10.4143/crt.2025.707
REC-AICRCTX-000107,Interpretable machine learning model for predicting perioperative Clavien-Dindo III/IV complications of rectal cancer anterior resection after neoadjuvant therapy: a real-world study.,2025,Eur J Surg Oncol,Kang B; Qiao Y; Song J; Zhang Z; Wang Q; Zhu J; Li J,10.1016/j.ejso.2025.110365,40816103,https://doi.org/10.1016/j.ejso.2025.110365
REC-AICRCTX-000109,Comparative analysis of tumor and mesorectum radiomics in predicting neoadjuvant chemoradiotherapy response in locally advanced rectal cancer.,2026,Diagn Interv Radiol,Cantürk A; Yarol RC; Tasak AS; Gülmez H; Kadirli K; Bişgin T; Manoğlu B; Sökmen S; Öztop İ; Görken Bilkay İ; Sağol Ö; Sarıoğlu S; Barlık F,10.4274/dir.2025.253270,40791107,https://doi.org/10.4274/dir.2025.253270
REC-AICRCTX-000110,Development and Cross-Institutional Validation of a Comprehensive Machine Learning Model Predicting Response to Neoadjuvant Therapy for Rectal Cancer.,2025,Cancer Manag Res,Li S; Li Z; Li S; Jiang P; Han H; Zhang Y; Lu Y,10.2147/cmar.s517949,40786911,https://doi.org/10.2147/cmar.s517949
REC-AICRCTX-000111,Predicting near-complete pathological response to (chemo)radiotherapy in patients with rectal cancer: A federated learning study.,2025,Med Phys,Mateus P; Savino M; Capocchiano ND; Berbee M; Gambacorta MA; Chiloiro G; Willems YCP; Damiani A; Osong B; Dekker A; Bermejo I,10.1002/mp.18034,40781740,https://doi.org/10.1002/mp.18034
REC-AICRCTX-000113,Immunophenotype-guided interpretable radiomics model for predicting neoadjuvant anti-PD-1 response in stage III-IV d-MMR/MSI-H colorectal cancer.,2025,J Immunother Cancer,Zhang Y; Zhang X; Zhong X; Huang L; Jiang W; Zhang C; Liu L; You R; Li Y; Yi X; Liu Z; Chen X; Li Z,10.1136/jitc-2025-011569,40759438,https://doi.org/10.1136/jitc-2025-011569
REC-AICRCTX-000115,Radiation enteritis associated with temporal sequencing of total neoadjuvant therapy in locally advanced rectal cancer: a preliminary study.,2025,Radiat Oncol,Ma CY; Fu Y; Liu L; Chen J; Li SY; Zhang L; Zhou JY,10.1186/s13014-025-02701-z,40739664,https://doi.org/10.1186/s13014-025-02701-z
REC-AICRCTX-000116,Baseline MRI habitat imaging for predicting treatment response to neoadjuvant chemoradiotherapy in locally advanced rectal cancer.,2025,Front Oncol,He M; Chen H; Xu C; Wu Z; Lin Z; Song Y; Yang G; Ma M; Xue F,10.3389/fonc.2025.1551224,40718826,https://doi.org/10.3389/fonc.2025.1551224
REC-AICRCTX-000118,A comparative study of machine learning models for predicting neoadjuvant chemoradiotheraphy response in rectal cancer patients using radiomics and clinical features.,2025,Medicine (Baltimore),Ozdemir G; Tulu CN; Isik O; Olmez T; Sozutek A; Seker A,10.1097/md.0000000000043173,40629575,https://doi.org/10.1097/md.0000000000043173
REC-AICRCTX-000119,Rectal-RadioSAM: Large model-assisted multi-parametric magnetic resonance imaging pipeline for predicting response to neoadjuvant chemoradiotherapy in rectal cancer without human intervention.,2025,Phys Imaging Radiat Oncol,Xia SJ; Wang ZN; Wu JQ; Li QY; Shi YJ; Li XT; Zhang XY; Sun YS,10.1016/j.phro.2025.100797,40620287,https://doi.org/10.1016/j.phro.2025.100797
REC-AICRCTX-000120,Predicting acute diarrhoea in rectal cancer chemoradiotherapy: Secondary analysis of the phase III ARISTOTLE trial.,2025,Radiother Oncol,Zhang Y; Brand D; Shen Z; Simard M; Hindocha S; Chohan O; Lopes A; Begum R; West N; Appelt A; Gilbert A; Miles E; Maughan T; Sebag-Montefiore D; Hawkins MA; Fekete CC,10.1016/j.radonc.2025.111032,40618901,https://doi.org/10.1016/j.radonc.2025.111032
REC-AICRCTX-000125,RCMIX model based on pre-treatment MRI imaging predicts T-downstage in MRI-cT4 stage rectal cancer.,2025,Cancer Lett,Bai F; Liao L; Tang Y; Wu Y; Wang Z; Zhao H; Huang J; Wang X; Ding P; Wu X; Cai Z,10.1016/j.canlet.2025.217871,40514006,https://doi.org/10.1016/j.canlet.2025.217871
REC-AICRCTX-000127,Machine learning prediction model of prolonged delay to loop ileostomy closure after rectal cancer surgery: a retrospective study.,2025,World J Surg Oncol,Liu J; Jiang M; Chen X; Ge Y; Zheng Z; Yang X; Zhou W; Zhang H; Zheng M; Luo B,10.1186/s12957-025-03843-w,40369609,https://doi.org/10.1186/s12957-025-03843-w
REC-AICRCTX-000129,MRI radiomics combined with delta-radiomics model for predicting pathological complete response in locally advanced rectal cancer patients after neoadjuvant chemoradiotherapy: A multi-institutional study.,2025,Appl Radiat Isot,Tian X; Ma A; Jia Z; Ruzeaiti B; Liang G; Zeng H; Wu Y,10.1016/j.apradiso.2025.111842,40273481,https://doi.org/10.1016/j.apradiso.2025.111842
REC-AICRCTX-000143,Inclusion of tumor periphery in radiomics analysis of magnetic resonance images does not improve predictions of preoperative therapy response in patients with rectal cancer.,2026,Abdom Radiol (NY),Korsavidou Hult N; Tarai S; Hammarström K; Kullberg J; Lundström E; Bjerner T; Glimelius B; Ahlström H,10.1007/s00261-025-04815-0,39907722,https://doi.org/10.1007/s00261-025-04815-0
REC-AICRCTX-000146,Integration of Deep Learning and Sub-regional Radiomics Improves the Prediction of Pathological Complete Response to Neoadjuvant Chemoradiotherapy in Locally Advanced Rectal Cancer Patients.,2025,Acad Radiol,Wu X; Wang J; Chen C; Cai W; Guo Y; Guo K; Chen Y; Shi Y; Chen J; Lin X; Jiang X,10.1016/j.acra.2024.12.049,39809603,https://doi.org/10.1016/j.acra.2024.12.049
REC-AICRCTX-000147,A Machine Learning Model Based on MRI Radiomics to Predict Response to Chemoradiation Among Patients with Rectal Cancer.,2024,Life (Basel),Crimì F; D'Alessandro C; Zanon C; Celotto F; Salvatore C; Interlenghi M; Castiglioni I; Quaia E; Pucciarelli S; Spolverato G,10.3390/life14121530,39768239,https://doi.org/10.3390/life14121530
REC-AICRCTX-000148,Combined transrectal ultrasound and radiomics model for evaluating the therapeutic effects of neoadjuvant chemoradiotherapy in locally advanced rectal cancer.,2025,Int J Colorectal Dis,Abuliezi D; She Y; Liao Z; Luo Y; Yang Y; Huang Q; Tao A; Zhuang H,10.1007/s00384-024-04792-8,39762476,https://doi.org/10.1007/s00384-024-04792-8
REC-AICRCTX-000149,Computed Tomography Scan and Clinical-based Complete Response Prediction in Locally Advanced Rectal Cancer after Neoadjuvant Chemoradiotherapy: A Machine Learning Approach.,2024,J Med Signals Sens,Anijdan SHM; Moslemi D; Reiazi R; Tafti HF; Moghadamnia AA; Paydar R,10.4103/jmss.jmss_46_23,39741788,https://doi.org/10.4103/jmss.jmss_46_23
REC-AICRCTX-000151,Pathomics-based machine learning models for predicting pathological complete response and prognosis in locally advanced rectal cancer patients post-neoadjuvant chemoradiotherapy: insights from two independent institutional studies.,2024,BMC Cancer,Zhang Y; Huang Y; Xu M; Zhuang J; Zhou Z; Zheng S; Zhu B; Guan G; Chen H; Liu X,10.1186/s12885-024-13328-w,39725903,https://doi.org/10.1186/s12885-024-13328-w
REC-AICRCTX-000152,Artificial Intelligence-Driven Volumetric Analysis of Muscle Mass as a Predictor of Tumor Response to Neoadjuvant Chemoradiotherapy in Patients with Rectal Cancer.,2024,J Clin Med,Kim M; Lee SM; Son IT; Kang J; Noh GT; Oh BY,10.3390/jcm13237018,39685473,https://doi.org/10.3390/jcm13237018
REC-AICRCTX-000154,Prediction of T Stage of Rectal Cancer After Neoadjuvant Therapy by Multi-Parameter Magnetic Resonance Radiomics Based on Machine Learning Algorithms.,2024,Technol Cancer Res Treat,Nie T; Yuan Z; He Y; Xu H; Guo X; Liu Y,10.1177/15330338241305463,39668711,https://doi.org/10.1177/15330338241305463
REC-AICRCTX-000155,CLIP-based multimodal endorectal ultrasound enhances prediction of neoadjuvant chemoradiotherapy response in locally advanced rectal cancer.,2024,PLoS One,Zhang H; Yi H; Qin S; Liu X; Liu G,10.1371/journal.pone.0315339,39661640,https://doi.org/10.1371/journal.pone.0315339
REC-AICRCTX-000156,ResNet-Vision Transformer based MRI-endoscopy fusion model for predicting treatment response to neoadjuvant chemoradiotherapy in locally advanced rectal cancer: A multicenter study.,2025,Chin Med J (Engl),Zhang J; Liu R; Hao D; Tian G; Zhang S; Zhang S; Zang Y; Pang K; Hu X; Ren K; Cui M; Liu S; Wu J; Wang Q; Feng B; Tong W; Yang Y; Wang G; Lu Y,10.1097/cm9.0000000000003391,39654094,https://doi.org/10.1097/cm9.0000000000003391
REC-AICRCTX-000160,Exploring Intratumoral Budding in Colorectal Cancer Using Computational Pathology: A Biopsy-Based Evaluation.,2025,Mod Pathol,Öztürk SK; Bokhorst JM; Baumann E; Sheahan K; van de Velde CJH; Marijnen CAM; Hospers GAP; Doukas M; Vieth M; Lugli A; Nagtegaal ID,10.1016/j.modpat.2024.100655,39522647,https://doi.org/10.1016/j.modpat.2024.100655
REC-AICRCTX-000162,Predicting pathological complete response following neoadjuvant chemoradiotherapy (nCRT) in patients with locally advanced rectal cancer using merged model integrating MRI-based radiomics and deep learning data.,2024,BMC Med Imaging,Lu H; Yuan Y; Liu M; Li Z; Ma X; Xia Y; Shi F; Lu Y; Lu J; Shen F,10.1186/s12880-024-01474-3,39448917,https://doi.org/10.1186/s12880-024-01474-3
REC-AICRCTX-000165,Is an Electronic Nose Able to Predict Clinical Response following Neoadjuvant Treatment of Rectal Cancer? A Prospective Pilot Study.,2024,J Clin Med,Schoenaker IJH; Pennings A; van Westreenen HL; Finnema EJ; Brohet RM; Hanevelt J; de Vos Tot Nederveen Cappel WH; Melenhorst J,10.3390/jcm13195889,39407949,https://doi.org/10.3390/jcm13195889
REC-AICRCTX-000167,Computed Tomography-Based Radiomics with Machine Learning Outperforms Radiologist Assessment in Estimating Colorectal Liver Metastases Pathologic Response After Chemotherapy.,2024,Ann Surg Oncol,Karagkounis G; Horvat N; Danilova S; Chhabra S; Narayan RR; Barekzai AB; Kleshchelski A; Joanne C; Gonen M; Balachandran V; Soares KC; Wei AC; Kingham TP; Jarnagin WR; Shia J; Chakraborty J; D'Angelica MI,10.1245/s10434-024-15373-y,39369120,https://doi.org/10.1245/s10434-024-15373-y
REC-AICRCTX-000168,Prediction of pathological response and lymph node metastasis after neoadjuvant therapy in rectal cancer through tumor and mesorectal MRI radiomic features.,2024,Sci Rep,Qin S; Liu K; Chen Y; Zhou Y; Zhao W; Yan R; Xin P; Zhu Y; Wang H; Lang N,10.1038/s41598-024-72916-9,39304726,https://doi.org/10.1038/s41598-024-72916-9
REC-AICRCTX-000175,Predictive value of circulating lymphocyte subsets and inflammatory indexes for neoadjuvant chemoradiotherapy response in rectal mucinous adenocarcinoma patients: A machine learning approach.,2024,Cancer Med,Lin Y; Sun Y; Jiang W; Deng Y; Huang Y; Chi P,10.1002/cam4.7416,39046433,https://doi.org/10.1002/cam4.7416
REC-AICRCTX-000176,Multiparametric magnetic resonance imaging (MRI)-based radiomics model explained by the Shapley Additive exPlanations (SHAP) method for predicting complete response to neoadjuvant chemoradiotherapy in locally advanced rectal cancer: a multicenter retrospective study.,2024,Quant Imaging Med Surg,Wang Y; Zhang L; Jiang Y; Cheng X; He W; Yu H; Li X; Yang J; Yao G; Lu Z; Zhang Y; Yan S; Zhao F,10.21037/qims-24-7,39022292,https://doi.org/10.21037/qims-24-7
REC-AICRCTX-000177,Magnetic resonance imaging radiomics-based prediction of severe inflammatory response in locally advanced rectal cancer patients after neoadjuvant radiochemotherapy.,2024,Langenbecks Arch Surg,Chen L; Zhu W; Zhang W; Chen E; Zhou W,10.1007/s00423-024-03416-7,39017754,https://doi.org/10.1007/s00423-024-03416-7
REC-AICRCTX-000178,Identification and validation of a machine learning model of complete response to radiation in rectal cancer reveals immune infiltrate and TGFβ as key predictors.,2024,EBioMedicine,Domingo E; Rathee S; Blake A; Samuel L; Murray G; Sebag-Montefiore D; Gollins S; West N; Begum R; Richman S; Quirke P; Redmond K; Chatzipli A; Barberis A; Hassanieh S; Mahmood U; Youdell M; McDermott U; Koelzer V; Leedham S; Tomlinson I; Dunne P; Buffa FM; Maughan TS,10.1016/j.ebiom.2024.105228,39013324,https://doi.org/10.1016/j.ebiom.2024.105228
REC-AICRCTX-000180,Deep learning model based on endoscopic images predicting treatment response in locally advanced rectal cancer undergo neoadjuvant chemoradiotherapy: a multicenter study.,2024,J Cancer Res Clin Oncol,Zhang J; Liu R; Wang X; Zhang S; Shao L; Liu J; Zhao J; Wang Q; Tian J; Lu Y,10.1007/s00432-024-05876-2,39001926,https://doi.org/10.1007/s00432-024-05876-2
REC-AICRCTX-000184,Magnetic resonance imaging-based radiomics analysis for prediction of treatment response to neoadjuvant chemoradiotherapy and clinical outcome in patients with locally advanced rectal cancer: A large multicentric and validated study.,2024,MedComm (2020),Hu T; Gong J; Sun Y; Li M; Cai C; Li X; Cui Y; Zhang X; Tong T,10.1002/mco2.609,38911065,https://doi.org/10.1002/mco2.609
REC-AICRCTX-000185,Evaluation of Neoadjuvant Chemoradiotherapy Response in Rectal Cancer Using MR Images and Deep Learning Neural Networks.,2024,Curr Med Imaging,Cingoz E; Ertas G; Kaval G; Azamat S; Karaman S; Kulle CB; Berker N; Cingöz M; Dagoglu Sakin N; Comert RG; Buyuk M; Kartal MGD,10.2174/0115734056309748240509072222,38874041,https://doi.org/10.2174/0115734056309748240509072222
REC-AICRCTX-000187,Machine learning-based response assessment in patients with rectal cancer after neoadjuvant chemoradiotherapy: radiomics analysis for assessing tumor regression grade using T2-weighted magnetic resonance images.,2024,Int J Colorectal Dis,Lee YD; Kim HG; Seo M; Moon SK; Park SJ; You MW,10.1007/s00384-024-04651-6,38789861,https://doi.org/10.1007/s00384-024-04651-6
REC-AICRCTX-000188,Preoperative MRI radiomic analysis for predicting local tumor progression in colorectal liver metastases before microwave ablation.,2024,Int J Hyperthermia,Della Corte A; Mori M; Calabrese F; Palumbo D; Ratti F; Palazzo G; Pellegrini A; Santangelo D; Ronzoni M; Spezi E; Del Vecchio A; Fiorino C; Aldrighetti L; De Cobelli F,10.1080/02656736.2024.2349059,38754994,https://doi.org/10.1080/02656736.2024.2349059
REC-AICRCTX-000192,Assessing Endoscopic Response in Locally Advanced Rectal Cancer Treated with Total Neoadjuvant Therapy: Development and Validation of a Highly Accurate Convolutional Neural Network.,2024,Ann Surg Oncol,Williams H; Thompson HM; Lee C; Rangnekar A; Gomez JT; Widmar M; Wei IH; Pappou EP; Nash GM; Weiser MR; Paty PB; Smith JJ; Veeraraghavan H; Garcia-Aguilar J,10.1245/s10434-024-15311-y,38700799,https://doi.org/10.1245/s10434-024-15311-y
REC-AICRCTX-000193,Evaluating complete response prediction rates in locally advanced rectal cancer with different radiomics segmentation approaches.,2024,Pathol Oncol Res,Kaval G; Dagoglu Kartal MG; Azamat S; Cingoz E; Ertas G; Karaman S; Kurtuldu B; Keskin M; Berker N; Karabulut S; Oral EN; Dagoglu Sakin N,10.3389/pore.2024.1611744,38694706,https://doi.org/10.3389/pore.2024.1611744
REC-AICRCTX-000194,Unraveling variations and enhancing prediction of successful sphincter-preserving resection for low rectal cancer: a post hoc analysis of the multicentre LASRE randomized clinical trial.,2024,Int J Surg,Wang X; Jiang W; Deng Y; Chen Z; Zheng Z; Sun Y; Xie Z; Lu X; Huang S; Lin Y; Huang Y; Chi P,10.1097/js9.0000000000001014,38652133,https://doi.org/10.1097/js9.0000000000001014
REC-AICRCTX-000197,Image-based consensus molecular subtyping in rectal cancer biopsies and response to neoadjuvant chemoradiotherapy.,2024,NPJ Precis Oncol,Lafarge MW; Domingo E; Sirinukunwattana K; Wood R; Samuel L; Murray G; Richman SD; Blake A; Sebag-Montefiore D; Gollins S; Klieser E; Neureiter D; Huemer F; Greil R; Dunne P; Quirke P; Weiss L; Rittscher J; Maughan T; Koelzer VH,10.1038/s41698-024-00580-3,38594327,https://doi.org/10.1038/s41698-024-00580-3
REC-AICRCTX-000200,Development and validation of a multi-modal ultrasomics model to predict response to neoadjuvant chemoradiotherapy in locally advanced rectal cancer.,2024,BMC Med Imaging,Qin Q; Gan X; Lin P; Pang J; Gao R; Wen R; Liu D; Tang Q; Liu C; He Y; Yang H; Wu Y,10.1186/s12880-024-01237-0,38500022,https://doi.org/10.1186/s12880-024-01237-0
REC-AICRCTX-000204,Artificial intelligence measured 3D body composition to predict pathological response in rectal cancer patients.,2024,ANZ J Surg,Wei MY; Cao K; Hong W; Yeung J; Lee M; Gibbs P; Faragher IG; Baird PN; Yeung JM,10.1111/ans.18929,38456517,https://doi.org/10.1111/ans.18929
REC-AICRCTX-000209,A deep neural network predictor to predict the sensitivity of neoadjuvant chemoradiotherapy in locally advanced rectal cancer.,2024,Cancer Lett,Liu Y; Shi J; Liu W; Tang Y; Shu X; Wang R; Chen Y; Shi X; Jin J; Li D,10.1016/j.canlet.2024.216641,38232812,https://doi.org/10.1016/j.canlet.2024.216641
REC-AICRCTX-000211,Digitally assessed lymphocyte infiltration in rectal cancer biopsies is associated with pathological response to neoadjuvant therapy.,2024,Hum Pathol,Jepsen DNM; Høeg H; Bzorek M; Orhan A; Eriksen JO; Gögenur I; Reiss B; Fiehn AK,10.1016/j.humpath.2023.12.010,38157991,https://doi.org/10.1016/j.humpath.2023.12.010
REC-AICRCTX-000216,Feasibility of delta radiomics-based pCR prediction for rectal cancer patients treated with magnetic resonance-guided adaptive radiotherapy.,2023,Front Oncol,Wu J; Xiao J; Li Y; Wu F; Peng Q; Li C; Tang B; Orlandini LC,10.3389/fonc.2023.1230519,38074653,https://doi.org/10.3389/fonc.2023.1230519
REC-AICRCTX-000217,Radiomics of skeletal muscle helps to predict gastrointestinal toxicity in locally advanced rectal cancer patients receiving neoadjuvant chemoradiotherapy.,2024,Clin Transl Radiat Oncol,Yang W; Zhang Z; Zhou M; Wang J; Li G; Wang Y; Shen L; Zhang H; Wan J; Xia F; Zhang Z,10.1016/j.ctro.2023.100703,38073716,https://doi.org/10.1016/j.ctro.2023.100703
REC-AICRCTX-000218,Prediction of Neoadjuvant Chemoradiotherapy Response in Rectal Cancer Patients Using Harmonized Radiomics of Multcenter <sup>18</sup>F-FDG-PET Image.,2023,Cancers (Basel),Ju HM; Yang J; Park JM; Choi JH; Song H; Kim BI; Shin US; Moon SM; Cho S; Woo SK,10.3390/cancers15235662,38067368,https://doi.org/10.3390/cancers15235662
REC-AICRCTX-000219,Lipid metabolism-associated genes serve as potential predictive biomarkers in neoadjuvant chemoradiotherapy combined with immunotherapy in rectal cancer.,2024,Transl Oncol,Peng Q; Tao J; Xu Y; Shen Y; Wang Y; Jiao Y; Mao Y; Zhu Y; Liu Y; Tian Y,10.1016/j.tranon.2023.101828,38000147,https://doi.org/10.1016/j.tranon.2023.101828
REC-AICRCTX-000222,Prediction of Pathologic Complete Response for Rectal Cancer Based on Pretreatment Factors Using Machine Learning.,2024,Dis Colon Rectum,Chen KA; Goffredo P; Butler LR; Joisa CU; Guillem JG; Gomez SM; Kapadia MR; Kapadia MR,10.1097/dcr.0000000000003038,37994445,https://doi.org/10.1097/dcr.0000000000003038
REC-AICRCTX-000226,Radiomics Signature Based on Support Vector Machines for the Prediction of Pathological Complete Response to Neoadjuvant Chemoradiotherapy in Locally Advanced Rectal Cancer.,2023,Cancers (Basel),Li C; Chen H; Zhang B; Fang Y; Sun W; Wu D; Su Z; Shen L; Wei Q,10.3390/cancers15215134,37958309,https://doi.org/10.3390/cancers15215134
REC-AICRCTX-000228,Multiphase and multiparameter MRI-based radiomics for prediction of tumor response to neoadjuvant therapy in locally advanced rectal cancer.,2023,Radiat Oncol,Huang H; Han L; Guo J; Zhang Y; Lin S; Chen S; Lin X; Cheng C; Guo Z; Qiu Y,10.1186/s13014-023-02368-4,37907928,https://doi.org/10.1186/s13014-023-02368-4
REC-AICRCTX-000229,Attention mechanism based multi-sequence MRI fusion improves prediction of response to neoadjuvant chemoradiotherapy in locally advanced rectal cancer.,2023,Radiat Oncol,Zhou X; Yu Y; Feng Y; Ding G; Liu P; Liu L; Ren W; Zhu Y; Cao W,10.1186/s13014-023-02352-y,37891611,https://doi.org/10.1186/s13014-023-02352-y
REC-AICRCTX-000230,Treatment response prediction of neoadjuvant chemotherapy for rectal cancer by deep learning of colonoscopy images.,2023,Oncol Lett,Kato S; Miyoshi N; Fujino S; Minami S; Nagae A; Hayashi R; Sekido Y; Hata T; Hamabe A; Ogino T; Tei M; Kagawa Y; Takahashi H; Uemura M; Yamamoto H; Doki Y; Eguchi H,10.3892/ol.2023.14062,37809043,https://doi.org/10.3892/ol.2023.14062
REC-AICRCTX-000236,A multiple-time-scale comparative study for the added value of magnetic resonance imaging-based radiomics in predicting pathological complete response after neoadjuvant chemoradiotherapy in locally advanced rectal cancer.,2023,Front Oncol,Peng W; Wan L; Wang S; Zou S; Zhao X; Zhang H,10.3389/fonc.2023.1234619,37664046,https://doi.org/10.3389/fonc.2023.1234619
REC-AICRCTX-000239,Predictors of Clostridium difficile infection after stoma reversal following TaTME surgery.,2023,Updates Surg,Tirelli F; Lorenzon L; Biondi A; Langellotti L; Santoro G; Agnes A; Pezzuto R; Persiani R; D'Ugo D,10.1007/s13304-023-01614-4,37540407,https://doi.org/10.1007/s13304-023-01614-4
REC-AICRCTX-000241,Predicting Rectal Cancer Response to Total Neoadjuvant Treatment Using an Artificial Intelligence Model Based on Magnetic Resonance Imaging and Clinical Data.,2023,Technol Cancer Res Treat,Ouyang G; Chen Z; Dou M; Luo X; Wen H; Deng X; Meng W; Yu Y; Wu B; Jiang D; Wang Z; Yao Y; Wang X,10.1177/15330338231186467,37431270,https://doi.org/10.1177/15330338231186467
REC-AICRCTX-000242,A Comprehensive Prediction Model Based on MRI Radiomics and Clinical Factors to Predict Tumor Response After Neoadjuvant Chemoradiotherapy in Rectal Cancer.,2023,Acad Radiol,Jiang H; Guo W; Yu Z; Lin X; Zhang M; Jiang H; Zhang H; Sun Z; Li J; Yu Y; Zhao S; Hu H,10.1016/j.acra.2023.04.032,37394412,https://doi.org/10.1016/j.acra.2023.04.032
REC-AICRCTX-000243,Radiomics from Mesorectal Blood Vessels and Lymph Nodes: A Novel Prognostic Predictor for Rectal Cancer with Neoadjuvant Therapy.,2023,Diagnostics (Basel),Qin S; Lu S; Liu K; Zhou Y; Wang Q; Chen Y; Zhang E; Wang H; Lang N,10.3390/diagnostics13121987,37370882,https://doi.org/10.3390/diagnostics13121987
REC-AICRCTX-000244,Delta Radiomic Analysis of Mesorectum to Predict Treatment Response and Prognosis in Locally Advanced Rectal Cancer.,2023,Cancers (Basel),Chiloiro G; Cusumano D; Romano A; Boldrini L; Nicolì G; Votta C; Tran HE; Barbaro B; Carano D; Valentini V; Gambacorta MA,10.3390/cancers15123082,37370692,https://doi.org/10.3390/cancers15123082
REC-AICRCTX-000245,Radiomics for the Prediction of Pathological Complete Response to Neoadjuvant Chemoradiation in Locally Advanced Rectal Cancer: A Prospective Observational Trial.,2023,Bioengineering (Basel),Shi L; Zhang Y; Hu J; Zhou W; Hu X; Cui T; Yue NJ; Sun X; Nie K,10.3390/bioengineering10060634,37370565,https://doi.org/10.3390/bioengineering10060634
REC-AICRCTX-000246,A multi-class classification algorithm based on hematoxylin-eosin staining for neoadjuvant therapy in rectal cancer: a retrospective study.,2023,PeerJ,Wu Y; Liu X; Liu F; Li Y; Xiong X; Sun H; Lin B; Li Y; Xu B,10.7717/peerj.15408,37334122,https://doi.org/10.7717/peerj.15408
REC-AICRCTX-000251,Development and Validation of a Radiomics Model Based on Lymph-Node Regression Grading After Neoadjuvant Chemoradiotherapy in Locally Advanced Rectal Cancer.,2023,Int J Radiat Oncol Biol Phys,Zhang S; Tang B; Yu M; He L; Zheng P; Yan C; Li J; Peng Q,10.1016/j.ijrobp.2023.05.027,37230433,https://doi.org/10.1016/j.ijrobp.2023.05.027
REC-AICRCTX-000253,Develop and validate a radiomics space-time model to predict the pathological complete response in patients undergoing neoadjuvant treatment of rectal cancer: an artificial intelligence model study based on machine learning.,2023,BMC Cancer,Peng J; Wang W; Jin H; Qin X; Hou J; Yang Z; Shu Z,10.1186/s12885-023-10855-w,37085830,https://doi.org/10.1186/s12885-023-10855-w
REC-AICRCTX-000254,Deep learning of endoscopic features for the assessment of neoadjuvant therapy response in locally advanced rectal cancer.,2023,Asian J Surg,Wang A; Zhou J; Wang G; Zhang B; Xin H; Zhou H,10.1016/j.asjsur.2023.03.165,37062601,https://doi.org/10.1016/j.asjsur.2023.03.165
REC-AICRCTX-000255,MRI-based radiomic score increased mrTRG accuracy in predicting rectal cancer response to neoadjuvant therapy.,2023,Abdom Radiol (NY),Miranda J; Horvat N; Assuncao AN Jr; de M Machado FA; Chakraborty J; Pandini RV; Saraiva S; Nahas CSR; Nahas SC; Nomura CH,10.1007/s00261-023-03898-x,37004557,https://doi.org/10.1007/s00261-023-03898-x
REC-AICRCTX-000257,MRI-based pre-Radiomics and delta-Radiomics models accurately predict the post-treatment response of rectal adenocarcinoma to neoadjuvant chemoradiotherapy.,2023,Front Oncol,Wang L; Wu X; Tian R; Ma H; Jiang Z; Zhao W; Cui G; Li M; Hu Q; Yu X; Xu W,10.3389/fonc.2023.1133008,36925913,https://doi.org/10.3389/fonc.2023.1133008
REC-AICRCTX-000259,Automatic treatment outcome prediction with DeepInteg based on multimodal radiological images in rectal cancer.,2023,Heliyon,Hu Y; Li J; Zhuang Z; Xu B; Wang D; Yu H; Li L,10.1016/j.heliyon.2023.e13094,36785834,https://doi.org/10.1016/j.heliyon.2023.e13094
REC-AICRCTX-000262,MRI-Based Radiomic Models Outperform Radiologists in Predicting Pathological Complete Response to Neoadjuvant Chemoradiotherapy in Locally Advanced Rectal Cancer.,2023,Acad Radiol,Wen L; Liu J; Hu P; Bi F; Liu S; Jian L; Zhu S; Nie S; Cao F; Lu Q; Yu X; Liu K,10.1016/j.acra.2022.12.037,36739228,https://doi.org/10.1016/j.acra.2022.12.037
REC-AICRCTX-000269,Interpretable machine learning for predicting pathologic complete response in patients treated with chemoradiation therapy for rectal adenocarcinoma.,2022,Front Artif Intell,Wang D; Lee SH; Geng H; Zhong H; Plastaras J; Wojcieszynski A; Caruana R; Xiao Y,10.3389/frai.2022.1059033,36568580,https://doi.org/10.3389/frai.2022.1059033
REC-AICRCTX-000271,MRI-based radiomics to predict neoadjuvant chemoradiotherapy outcomes in locally advanced rectal cancer: A multicenter study.,2023,Clin Transl Radiat Oncol,Xiang Y; Li S; Wang H; Song M; Hu K; Wang F; Wang Z; Niu Z; Liu J; Cai Y; Li Y; Zhu X; Geng J; Zhang Y; Teng H; Wang W,10.1016/j.ctro.2022.11.009,36471751,https://doi.org/10.1016/j.ctro.2022.11.009
REC-AICRCTX-000279,Performance of Machine Learning and Texture Analysis for Predicting Response to Neoadjuvant Chemoradiotherapy in Locally Advanced Rectal Cancer with 3T MRI.,2022,Tomography,Bellini D; Carbone I; Rengo M; Vicini S; Panvini N; Caruso D; Iannicelli E; Tombolini V; Laghi A,10.3390/tomography8040173,36006071,https://doi.org/10.3390/tomography8040173
REC-AICRCTX-000283,CT radiomics identifying non-responders to neoadjuvant chemoradiotherapy among patients with locally advanced rectal cancer.,2023,Cancer Med,Zhang Z; Yi X; Pei Q; Fu Y; Li B; Liu H; Han Z; Chen C; Pang P; Lin H; Gong G; Yin H; Zai H; Chen BT,10.1002/cam4.5086,35912919,https://doi.org/10.1002/cam4.5086
REC-AICRCTX-000284,Are We There Yet? The Value of Deep Learning in a Multicenter Setting for Response Prediction of Locally Advanced Rectal Cancer to Neoadjuvant Chemoradiotherapy.,2022,Diagnostics (Basel),Wichtmann BD; Albert S; Zhao W; Maurer A; Rödel C; Hofheinz RD; Hesser J; Zöllner FG; Attenberger UI,10.3390/diagnostics12071601,35885506,https://doi.org/10.3390/diagnostics12071601
REC-AICRCTX-000288,Deep Learning Model for Predicting the Pathological Complete Response to Neoadjuvant Chemoradiotherapy of Locally Advanced Rectal Cancer.,2022,Front Oncol,Lou X; Zhou N; Feng L; Li Z; Li Z; Fang Y; Fan X; Ling Y; Liu H; Zou X; Wang J; Huang J; Yun J; Yao J; Huang Y,10.3389/fonc.2022.807264,35756653,https://doi.org/10.3389/fonc.2022.807264
REC-AICRCTX-000289,Ability of Delta Radiomics to Predict a Complete Pathological Response in Patients with Loco-Regional Rectal Cancer Addressed to Neoadjuvant Chemo-Radiation and Surgery.,2022,Cancers (Basel),Nardone V; Reginelli A; Grassi R; Vacca G; Giacobbe G; Angrisani A; Clemente A; Danti G; Correale P; Carbone SF; Pirtoli L; Bianchi L; Vanzulli A; Guida C; Grassi R; Cappabianca S,10.3390/cancers14123004,35740669,https://doi.org/10.3390/cancers14123004
REC-AICRCTX-000290,Analysis of MRI and CT-based radiomics features for personalized treatment in locally advanced rectal cancer and external validation of published radiomics models.,2022,Sci Rep,Shahzadi I; Zwanenburg A; Lattermann A; Linge A; Baldus C; Peeken JC; Combs SE; Diefenhardt M; Rödel C; Kirste S; Grosu AL; Baumann M; Krause M; Troost EGC; Löck S,10.1038/s41598-022-13967-8,35715462,https://doi.org/10.1038/s41598-022-13967-8
REC-AICRCTX-000291,Combined artificial intelligence and radiologist model for predicting rectal cancer treatment response from magnetic resonance imaging: an external validation study.,2022,Abdom Radiol (NY),Horvat N; Veeraraghavan H; Nahas CSR; Bates DDB; Ferreira FR; Zheng J; Capanu M; Fuqua JL 3rd; Fernandes MC; Sosa RE; Jayaprakasam VS; Cerri GG; Nahas SC; Petkovska I,10.1007/s00261-022-03572-8,35710951,https://doi.org/10.1007/s00261-022-03572-8
REC-AICRCTX-000292,Predicting pathologic complete response in locally advanced rectal cancer patients after neoadjuvant therapy: a machine learning model using XGBoost.,2022,Int J Colorectal Dis,Chen X; Wang W; Chen J; Xu L; He X; Lan P; Hu J; Lian L,10.1007/s00384-022-04157-z,35704090,https://doi.org/10.1007/s00384-022-04157-z
REC-AICRCTX-000293,"MRI-Based Radiomics Features to Predict Treatment Response to Neoadjuvant Chemotherapy in Locally Advanced Rectal Cancer: A Single Center, Prospective Study.",2022,Front Oncol,Chen BY; Xie H; Li Y; Jiang XH; Xiong L; Tang XF; Lin XF; Li L; Cai PQ,10.3389/fonc.2022.801743,35646677,https://doi.org/10.3389/fonc.2022.801743
REC-AICRCTX-000294,Pre-Treatment Computed Tomography Radiomics for Predicting the Response to Neoadjuvant Chemoradiation in Locally Advanced Rectal Cancer: A Retrospective Study.,2022,Front Oncol,Mao Y; Pei Q; Fu Y; Liu H; Chen C; Li H; Gong G; Yin H; Pang P; Lin H; Xu B; Zai H; Yi X; Chen BT,10.3389/fonc.2022.850774,35619922,https://doi.org/10.3389/fonc.2022.850774
REC-AICRCTX-000295,Gene-expression profiles of pretreatment biopsies predict complete response of rectal cancer patients to preoperative chemoradiotherapy.,2022,Br J Cancer,Emons G; Auslander N; Jo P; Kitz J; Azizian A; Hu Y; Hess CF; Roedel C; Sax U; Salinas G; Stroebel P; Kramer F; Beissbarth T; Grade M; Ghadimi M; Ruppin E; Ried T; Gaedcke J,10.1038/s41416-022-01842-2,35597871,https://doi.org/10.1038/s41416-022-01842-2
REC-AICRCTX-000296,Endoscopy-Based Deep Convolutional Neural Network Predicts Response to Neoadjuvant Treatment for Locally Advanced Rectal Cancer.,2022,Front Physiol,Chen X; Chen J; He X; Xu L; Liu W; Lin D; Luo Y; Feng Y; Lian L; Hu J; Lan P,10.3389/fphys.2022.880981,35574447,https://doi.org/10.3389/fphys.2022.880981
REC-AICRCTX-000297,Automated Prediction of the Response to Neoadjuvant Chemoradiotherapy in Patients Affected by Rectal Cancer.,2022,Cancers (Basel),Filitto G; Coppola F; Curti N; Giampieri E; Dall'Olio D; Merlotti A; Cattabriga A; Cocozza MA; Taninokuchi Tomassoni M; Remondini D; Pierotti L; Strigari L; Cuicchi D; Guido A; Rihawi K; D'Errico A; Di Fabio F; Poggioli G; Morganti AG; Ricciardiello L; Golfieri R; Castellani G,10.3390/cancers14092231,35565360,https://doi.org/10.3390/cancers14092231
REC-AICRCTX-000298,MRI-based radiomics to predict response in locally advanced rectal cancer: comparison of manual and automatic segmentation on external validation in a multicentre study.,2022,Eur Radiol Exp,Defeudis A; Mazzetti S; Panic J; Micilotta M; Vassallo L; Giannetto G; Gatti M; Faletti R; Cirillo S; Regge D; Giannini V,10.1186/s41747-022-00272-2,35501512,https://doi.org/10.1186/s41747-022-00272-2
REC-AICRCTX-000299,Simulation CT-based radiomics for prediction of response after neoadjuvant chemo-radiotherapy in patients with locally advanced rectal cancer.,2022,Radiat Oncol,Bonomo P; Socarras Fernandez J; Thorwarth D; Casati M; Livi L; Zips D; Gani C,10.1186/s13014-022-02053-y,35484597,https://doi.org/10.1186/s13014-022-02053-y
REC-AICRCTX-000300,Machine learning-based multiparametric MRI radiomics for predicting poor responders after neoadjuvant chemoradiotherapy in rectal Cancer patients.,2022,BMC Cancer,Wang J; Chen J; Zhou R; Gao Y; Li J,10.1186/s12885-022-09518-z,35439946,https://doi.org/10.1186/s12885-022-09518-z
REC-AICRCTX-000301,Applicability of a pathological complete response magnetic resonance-based radiomics model for locally advanced rectal cancer in intercontinental cohort.,2022,Radiat Oncol,Boldrini L; Lenkowicz J; Orlandini LC; Yin G; Cusumano D; Chiloiro G; Dinapoli N; Peng Q; Casà C; Gambacorta MA; Valentini V; Lang J,10.1186/s13014-022-02048-9,35428267,https://doi.org/10.1186/s13014-022-02048-9
REC-AICRCTX-000302,MRI radiomics independent of clinical baseline characteristics and neoadjuvant treatment modalities predicts response to neoadjuvant therapy in rectal cancer.,2022,Br J Cancer,Song M; Li S; Wang H; Hu K; Wang F; Teng H; Wang Z; Liu J; Jia AY; Cai Y; Li Y; Zhu X; Geng J; Zhang Y; Wan X; Wang W,10.1038/s41416-022-01786-7,35368044,https://doi.org/10.1038/s41416-022-01786-7
REC-AICRCTX-000304,Deep Learning-Based Model for Identifying Tumors in Endoscopic Images From Patients With Locally Advanced Rectal Cancer Treated With Total Neoadjuvant Therapy.,2023,Dis Colon Rectum,Thompson HM; Kim JK; Jimenez-Rodriguez RM; Garcia-Aguilar J; Veeraraghavan H,10.1097/dcr.0000000000002295,35358109,https://doi.org/10.1097/dcr.0000000000002295
REC-AICRCTX-000308,Local tuning of radiomics-based model for predicting pathological response to neoadjuvant chemoradiotherapy in locally advanced rectal cancer.,2022,BMC Med Imaging,Tang B; Lenkowicz J; Peng Q; Boldrini L; Hou Q; Dinapoli N; Valentini V; Diao P; Yin G; Orlandini LC,10.1186/s12880-022-00773-x,35287607,https://doi.org/10.1186/s12880-022-00773-x
REC-AICRCTX-000311,External Validation of a Radiomics Model for the Prediction of Complete Response to Neoadjuvant Chemoradiotherapy in Rectal Cancer.,2022,Cancers (Basel),Bordron A; Rio E; Badic B; Miranda O; Pradier O; Hatt M; Visvikis D; Lucia F; Schick U; Bourbonne V,10.3390/cancers14041079,35205826,https://doi.org/10.3390/cancers14041079
REC-AICRCTX-000314,MRI Radiomics Model Predicts Pathologic Complete Response of Rectal Cancer Following Chemoradiotherapy.,2022,Radiology,Shin J; Seo N; Baek SE; Son NH; Lim JS; Kim NK; Koom WS; Kim S,10.1148/radiol.211986,35133200,https://doi.org/10.1148/radiol.211986
REC-AICRCTX-000316,Fractal-Based Radiomic Approach to Tailor the Chemotherapy Treatment in Rectal Cancer: A Generating Hypothesis Study.,2021,Front Oncol,Di Dio C; Chiloiro G; Cusumano D; Catucci F; Boldrini L; Romano A; Meldolesi E; Marazzi F; Corvari B; Barbaro B; Manfredi R; Valentini V; Gambacorta MA,10.3389/fonc.2021.774413,34956893,https://doi.org/10.3389/fonc.2021.774413
REC-AICRCTX-000317,Complete Pathologic Response Prediction by Radiomics Wavelets Features of Unenhanced CT Simulation Images in Locally Advanced Rectal Cancer Patients after Neoadjuvant Chemoradiation.,2021,Isr Med Assoc J,Lutsyk M; Gourevich K; Keidar Z,,34954921,https://pubmed.ncbi.nlm.nih.gov/34954921/
REC-AICRCTX-000318,Development and validation of a radiopathomics model to predict pathological complete response to neoadjuvant chemoradiotherapy in locally advanced rectal cancer: a multicentre observational study.,2022,Lancet Digit Health,Feng L; Liu Z; Li C; Li Z; Lou X; Shao L; Wang Y; Huang Y; Chen H; Pang X; Liu S; He F; Zheng J; Meng X; Xie P; Yang G; Ding Y; Wei M; Yun J; Hung MC; Zhou W; Wahl DR; Lan P; Tian J; Wan X,10.1016/s2589-7500(21)00215-6,34952679,https://doi.org/10.1016/s2589-7500(21)00215-6
REC-AICRCTX-000319,Prediction of Neoadjuvant Chemoradiotherapy Response in Rectal Cancer with Metric Learning Using Pretreatment 18F-Fluorodeoxyglucose Positron Emission Tomography.,2021,Cancers (Basel),Wu KC; Chen SW; Hsieh TC; Yen KY; Law KM; Kuo YC; Chang RF; Kao CH,10.3390/cancers13246350,34944970,https://doi.org/10.3390/cancers13246350
REC-AICRCTX-000322,A Novel Scoring System for Response of Preoperative Chemoradiotherapy in Locally Advanced Rectal Cancer Using Early-Treatment Blood Features Derived From Machine Learning.,2021,Front Oncol,Kim J; Sohn KA; Kwak JH; Kim MJ; Ryoo SB; Jeong SY; Park KJ; Kang HC; Chie EK; Jung SH; Kim D; Park JW,10.3389/fonc.2021.790894,34912724,https://doi.org/10.3389/fonc.2021.790894
REC-AICRCTX-000325,The use of deep learning on endoscopic images to assess the response of rectal cancer after chemoradiation.,2022,Surg Endosc,Haak HE; Gao X; Maas M; Waktola S; Benson S; Beets-Tan RGH; Beets GL; van Leerdam M; Melenhorst J,10.1007/s00464-021-08685-7,34642794,https://doi.org/10.1007/s00464-021-08685-7
REC-AICRCTX-000327,"A Pipeline for Predicting the Treatment Response of Neoadjuvant Chemoradiotherapy for Locally Advanced Rectal Cancer Using Single MRI Modality: Combining Deep Segmentation Network and Radiomics Analysis Based on ""Suspicious Region"".",2021,Front Oncol,Pang X; Wang F; Zhang Q; Li Y; Huang R; Yin X; Fan X,10.3389/fonc.2021.711747,34422664,https://doi.org/10.3389/fonc.2021.711747
REC-AICRCTX-000328,MRI radiomics features of mesorectal fat can predict response to neoadjuvant chemoradiation therapy and tumor recurrence in patients with locally advanced rectal cancer.,2022,Eur Radiol,Jayaprakasam VS; Paroder V; Gibbs P; Bajwa R; Gangai N; Sosa RE; Petkovska I; Golia Pernicka JS; Fuqua JL 3rd; Bates DDB; Weiser MR; Cercek A; Gollub MJ,10.1007/s00330-021-08144-w,34327580,https://doi.org/10.1007/s00330-021-08144-w
REC-AICRCTX-000331,Machine learning-based random forest predicts anastomotic leakage after anterior resection for rectal cancer.,2021,J Gastrointest Oncol,Wen R; Zheng K; Zhang Q; Zhou L; Liu Q; Yu G; Gao X; Hao L; Lou Z; Zhang W,10.21037/jgo-20-436,34295545,https://doi.org/10.21037/jgo-20-436
REC-AICRCTX-000336,Radiomic signature of the FOWARC trial predicts pathological response to neoadjuvant treatment in rectal cancer.,2021,J Transl Med,Zhuang Z; Liu Z; Li J; Wang X; Xie P; Xiong F; Hu J; Meng X; Huang M; Deng Y; Lan P; Yu H; Luo Y,10.1186/s12967-021-02919-x,34112180,https://doi.org/10.1186/s12967-021-02919-x
REC-AICRCTX-000338,Radiomics signature as a new biomarker for preoperative prediction of neoadjuvant chemoradiotherapy response in locally advanced rectal cancer.,2021,Diagn Interv Radiol,Zhang Z; Jiang X; Zhang R; Yu T; Liu S; Luo Y,10.5152/dir.2021.19677,34003118,https://doi.org/10.5152/dir.2021.19677
REC-AICRCTX-000339,Pretreatment CT and PET radiomics predicting rectal cancer patients in response to neoadjuvant chemoradiotherapy.,2021,Rep Pract Oncol Radiother,Yuan Z; Frazer M; Rishi A; Latifi K; Tomaszewski MR; Moros EG; Feygelman V; Felder S; Sanchez J; Dessureault S; Imanirad I; Kim RD; Harrison LB; Hoffe SE; Zhang GG; Frakes JM,10.5603/rpor.a2021.0004,33948299,https://doi.org/10.5603/rpor.a2021.0004
REC-AICRCTX-000340,The Heterogeneity of Skewness in T2W-Based Radiomics Predicts the Response to Neoadjuvant Chemoradiotherapy in Locally Advanced Rectal Cancer.,2021,Diagnostics (Basel),Coppola F; Mottola M; Lo Monaco S; Cattabriga A; Cocozza MA; Yuan JC; De Benedittis C; Cuicchi D; Guido A; Rojas Llimpe FL; D'Errico A; Ardizzoni A; Poggioli G; Strigari L; Morganti AG; Bazzoli F; Ricciardiello L; Golfieri R; Bevilacqua A,10.3390/diagnostics11050795,33924854,https://doi.org/10.3390/diagnostics11050795
REC-AICRCTX-000342,Development of a Joint Prediction Model Based on Both the Radiomics and Clinical Factors for Predicting the Tumor Response to Neoadjuvant Chemoradiotherapy in Patients with Locally Advanced Rectal Cancer.,2021,Cancer Manag Res,Liu Y; Zhang FJ; Zhao XX; Yang Y; Liang CY; Feng LL; Wan XB; Ding Y; Zhang YW,10.2147/cmar.s295317,33880066,https://doi.org/10.2147/cmar.s295317
REC-AICRCTX-000343,Predicting treatment response from longitudinal images using multi-task deep learning.,2021,Nat Commun,Jin C; Yu H; Ke J; Ding P; Yi Y; Jiang X; Duan X; Tang J; Chang DT; Wu X; Gao F; Li R,10.1038/s41467-021-22188-y,33767170,https://doi.org/10.1038/s41467-021-22188-y
REC-AICRCTX-000344,MRI-based clinical-radiomics model predicts tumor response before treatment in locally advanced rectal cancer.,2021,Sci Rep,Delli Pizzi A; Chiarelli AM; Chiacchiaretta P; d'Annibale M; Croce P; Rosa C; Mastrodicasa D; Trebeschi S; Lambregts DMJ; Caposiena D; Serafini FL; Basilico R; Cocco G; Di Sebastiano P; Cinalli S; Ferretti A; Wise RG; Genovesi D; Beets-Tan RGH; Caulo M,10.1038/s41598-021-84816-3,33686147,https://doi.org/10.1038/s41598-021-84816-3
REC-AICRCTX-000346,Evaluating treatment response to neoadjuvant chemoradiotherapy in rectal cancer using various MRI-based radiomics models.,2021,BMC Med Imaging,Li Z; Ma X; Shen F; Lu H; Xia Y; Lu J,10.1186/s12880-021-00560-0,33593304,https://doi.org/10.1186/s12880-021-00560-0
REC-AICRCTX-000350,MRI Radiomics for Prediction of Tumor Response and Downstaging in Rectal Cancer Patients after Preoperative Chemoradiation.,2020,Adv Radiat Oncol,Chen H; Shi L; Nguyen KNB; Monjazeb AM; Matsukuma KE; Loehfelm TW; Huang H; Qiu J; Rong Y,10.1016/j.adro.2020.04.016,33305090,https://doi.org/10.1016/j.adro.2020.04.016
REC-AICRCTX-000353,A Deep Learning Model to Predict the Response to Neoadjuvant Chemoradiotherapy by the Pretreatment Apparent Diffusion Coefficient Images of Locally Advanced Rectal Cancer.,2020,Front Oncol,Zhu HT; Zhang XY; Shi YJ; Li XT; Sun YS,10.3389/fonc.2020.574337,33194680,https://doi.org/10.3389/fonc.2020.574337
REC-AICRCTX-000357,Combining Radiomics and Blood Test Biomarkers to Predict the Response of Locally Advanced Rectal Cancer to Chemoradiation.,2020,In Vivo,Jeon SH; Song C; Chie EK; Kim B; Kim YH; Chang W; Lee YJ; Chung JH; Chung JB; Lee KW; Kang SB; Kim JS,10.21873/invivo.12126,32871838,https://doi.org/10.21873/invivo.12126
REC-AICRCTX-000358,A field strength independent MR radiomics model to predict pathological complete response in locally advanced rectal cancer.,2021,Radiol Med,Cusumano D; Meijer G; Lenkowicz J; Chiloiro G; Boldrini L; Masciocchi C; Dinapoli N; Gatta R; Casà C; Damiani A; Barbaro B; Gambacorta MA; Azario L; De Spirito M; Intven M; Valentini V,10.1007/s11547-020-01266-z,32833198,https://doi.org/10.1007/s11547-020-01266-z
REC-AICRCTX-000359,Multiparametric MRI and Whole Slide Image-Based Pretreatment Prediction of Pathological Response to Neoadjuvant Chemoradiotherapy in Rectal Cancer: A Multicenter Radiopathomic Study.,2020,Ann Surg Oncol,Shao L; Liu Z; Feng L; Lou X; Li Z; Li Z; Zhang XY; Wan X; Zhou X; Sun K; Zhang DF; Wu L; Yang G; Sun YS; Xu R; Fan X; Tian J,10.1245/s10434-020-08659-4,32729045,https://doi.org/10.1245/s10434-020-08659-4
REC-AICRCTX-000361,Machine learning for predicting pathological complete response in patients with locally advanced rectal cancer after neoadjuvant chemoradiotherapy.,2020,Sci Rep,Huang CM; Huang MY; Huang CW; Tsai HL; Su WC; Chang WC; Wang JY; Shi HY,10.1038/s41598-020-69345-9,32724164,https://doi.org/10.1038/s41598-020-69345-9
REC-AICRCTX-000363,Pre-Treatment T2-WI Based Radiomics Features for Prediction of Locally Advanced Rectal Cancer Non-Response to Neoadjuvant Chemoradiotherapy: A Preliminary Study.,2020,Cancers (Basel),Petresc B; Lebovici A; Caraiani C; Feier DS; Graur F; Buruian MM,10.3390/cancers12071894,32674345,https://doi.org/10.3390/cancers12071894
REC-AICRCTX-000364,Predicting treatment response to neoadjuvant chemoradiotherapy in local advanced rectal cancer by biopsy digital pathology image features.,2020,Clin Transl Med,Zhang F; Yao S; Li Z; Liang C; Zhao K; Huang Y; Gao Y; Qu J; Li Z; Liu Z,10.1002/ctm2.110,32594660,https://doi.org/10.1002/ctm2.110
REC-AICRCTX-000370,Predicting pathological complete response in rectal cancer after chemoradiotherapy with a random forest using <sup>18</sup>F-fluorodeoxyglucose positron emission tomography and computed tomography radiomics.,2020,Ann Transl Med,Shen WC; Chen SW; Wu KC; Lee PY; Feng CL; Hsieh TC; Yen KY; Kao CH,10.21037/atm.2020.01.107,32309354,https://doi.org/10.21037/atm.2020.01.107
REC-AICRCTX-000371,Clinical utility of radiomics at baseline rectal MRI to predict complete response of rectal cancer after chemoradiation therapy.,2020,Abdom Radiol (NY),Petkovska I; Tixier F; Ortiz EJ; Golia Pernicka JS; Paroder V; Bates DD; Horvat N; Fuqua J; Schilsky J; Gollub MJ; Garcia-Aguilar J; Veeraraghavan H,10.1007/s00261-020-02502-w,32296896,https://doi.org/10.1007/s00261-020-02502-w
REC-AICRCTX-000372,Radiomic Features of Primary Rectal Cancers on Baseline T&lt;sub&gt;2&lt;/sub&gt; -Weighted MRI Are Associated With Pathologic Complete Response to Neoadjuvant Chemoradiation: A Multisite Study.,2020,J Magn Reson Imaging,Antunes JT; Ofshteyn A; Bera K; Wang EY; Brady JT; Willis JE; Friedman KA; Marderstein EL; Kalady MF; Stein SL; Purysko AS; Paspulati R; Gollamudi J; Madabhushi A; Viswanath SE,10.1002/jmri.27140,32216127,https://doi.org/10.1002/jmri.27140
REC-AICRCTX-000373,Predicting the Response to FOLFOX-Based Chemotherapy Regimen from Untreated Liver Metastases on Baseline CT: a Deep Neural Network Approach.,2020,J Digit Imaging,Maaref A; Romero FP; Montagnon E; Cerny M; Nguyen B; Vandenbroucke F; Soucy G; Turcotte S; Tang A; Kadoury S,10.1007/s10278-020-00332-2,32193665,https://doi.org/10.1007/s10278-020-00332-2
REC-AICRCTX-000378,Radiomics performs comparable to morphologic assessment by expert radiologists for prediction of response to neoadjuvant chemoradiotherapy on baseline staging MRI in rectal cancer.,2020,Abdom Radiol (NY),van Griethuysen JJM; Lambregts DMJ; Trebeschi S; Lahaye MJ; Bakers FCH; Vliegen RFA; Beets GL; Aerts HJWL; Beets-Tan RGH,10.1007/s00261-019-02321-8,31734709,https://doi.org/10.1007/s00261-019-02321-8
REC-AICRCTX-000379,Radiomics Model Based on Non-Contrast CT Shows No Predictive Power for Complete Pathological Response in Locally Advanced Rectal Cancer.,2019,Cancers (Basel),Hamerla G; Meyer HJ; Hambsch P; Wolf U; Kuhnt T; Hoffmann KT; Surov A,10.3390/cancers11111680,31671766,https://doi.org/10.3390/cancers11111680
REC-AICRCTX-000380,Predicting pathological complete response by comparing MRI-based radiomics pre- and postneoadjuvant radiotherapy for locally advanced rectal cancer.,2019,Cancer Med,Li Y; Liu W; Pei Q; Zhao L; Güngör C; Zhu H; Song X; Li C; Zhou Z; Xu Y; Wang D; Tan F; Yang P; Pei H,10.1002/cam4.2636,31642204,https://doi.org/10.1002/cam4.2636
REC-AICRCTX-000381,Prediction of Response to Neoadjuvant Chemoradiotherapy by MRI-Based Machine Learning Texture Analysis in Rectal Cancer Patients.,2020,J Gastrointest Cancer,Shayesteh SP; Alikhassi A; Farhan F; Ghalehtaki R; Soltanabadi M; Haddad P; Bitarafan-Rajabi A,10.1007/s12029-019-00291-0,31456114,https://doi.org/10.1007/s12029-019-00291-0
REC-AICRCTX-000383,Predicting the tumor response to chemoradiotherapy for rectal cancer: Model development and external validation using MRI radiomics.,2020,Radiother Oncol,Bulens P; Couwenberg A; Intven M; Debucquoy A; Vandecaveye V; Van Cutsem E; D'Hoore A; Wolthuis A; Mukherjee P; Gevaert O; Haustermans K,10.1016/j.radonc.2019.07.033,31431368,https://doi.org/10.1016/j.radonc.2019.07.033
REC-AICRCTX-000385,MRI-Based Radiomics Predicts Tumor Response to Neoadjuvant Chemoradiotherapy in Locally Advanced Rectal Cancer.,2019,Front Oncol,Yi X; Pei Q; Zhang Y; Zhu H; Wang Z; Chen C; Li Q; Long X; Tan F; Zhou Z; Liu W; Li C; Zhou Y; Song X; Li Y; Liao W; Li X; Sun L; Pei H; Zee C; Chen BT,10.3389/fonc.2019.00552,31293979,https://doi.org/10.3389/fonc.2019.00552
REC-AICRCTX-000387,Machine learning for prediction of chemoradiation therapy response in rectal cancer using pre-treatment and mid-radiation multi-parametric MRI.,2019,Magn Reson Imaging,Shi L; Zhang Y; Nie K; Sun X; Niu T; Yue N; Kwong T; Chang P; Chow D; Chen JH; Su MY,10.1016/j.mri.2019.05.003,31059768,https://doi.org/10.1016/j.mri.2019.05.003
REC-AICRCTX-000389,Radiomics-Based Pretherapeutic Prediction of Non-response to Neoadjuvant Therapy in Locally Advanced Rectal Cancer.,2019,Ann Surg Oncol,Zhou X; Yi Y; Liu Z; Cao W; Lai B; Sun K; Li L; Zhou Z; Feng Y; Tian J,10.1245/s10434-019-07300-3,30887373,https://doi.org/10.1245/s10434-019-07300-3
REC-AICRCTX-000393,Deep Learning and Radiomics predict complete response after neo-adjuvant chemoradiation for locally advanced rectal cancer.,2018,Sci Rep,Bibault JE; Giraud P; Housset M; Durdux C; Taieb J; Berger A; Coriat R; Chaussade S; Dousset B; Nordlinger B; Burgun A,10.1038/s41598-018-30657-6,30135549,https://doi.org/10.1038/s41598-018-30657-6
REC-AICRCTX-000395,"Magnetic Resonance, Vendor-independent, Intensity Histogram Analysis Predicting Pathologic Complete Response After Radiochemotherapy of Rectal Cancer.",2018,Int J Radiat Oncol Biol Phys,Dinapoli N; Barbaro B; Gatta R; Chiloiro G; Casà C; Masciocchi C; Damiani A; Boldrini L; Gambacorta MA; Dezio M; Mattiucci GC; Balducci M; van Soest J; Dekker A; Lambin P; Fiorino C; Sini C; De Cobelli F; Di Muzio N; Gumina C; Passoni P; Manfredi R; Valentini V,10.1016/j.ijrobp.2018.04.065,29891200,https://doi.org/10.1016/j.ijrobp.2018.04.065
REC-AICRCTX-000397,MR Imaging of Rectal Cancer: Radiomics Analysis to Assess Treatment Response after Neoadjuvant Therapy.,2018,Radiology,Horvat N; Veeraraghavan H; Khan M; Blazic I; Zheng J; Capanu M; Sala E; Garcia-Aguilar J; Gollub MJ; Petkovska I,10.1148/radiol.2018172300,29514017,https://doi.org/10.1148/radiol.2018172300
REC-AICRCTX-000400,Rectal Cancer: Assessment of Neoadjuvant Chemoradiation Outcome based on Radiomics of Multiparametric MRI.,2016,Clin Cancer Res,Nie K; Shi L; Chen Q; Hu X; Jabbour SK; Yue N; Niu T; Sun X,10.1158/1078-0432.ccr-15-2997,27185368,https://doi.org/10.1158/1078-0432.ccr-15-2997
REC-AICRCTX-000403,Multi-omics Signature Predicts Anti-EGFR Therapy Benefit in Colorectal Cancer Liver Metastases: A Multi-center Cohort Study.,2026,Curr Cancer Drug Targets,Liu Y; Chen Y; Zhou G; Zhou S; Zhang X; Lin S; Zeng M; Wang L; Xu J; Chang W,10.2174/0115680096454400260619162910,42381328,https://doi.org/10.2174/0115680096454400260619162910
REC-AICRCTX-000414,Rectal Cancer Radiotherapy Response Prediction: Retrospective Study of Development of a Deep Learning-Based Radiomics Model.,2026,JMIR Med Inform,Li Y; Liu H; Wei Q; Wang Z; Hu Z,10.2196/77313,41843889,https://doi.org/10.2196/77313
REC-AICRCTX-000415,A serum metabolite-based machine learning model predicts response to neoadjuvant immunotherapy in mismatch repair-deficient colorectal cancer.,2026,Front Oncol,Ma T; Zhang W; Pan Y; Long G; Mi X; Jiang J; Bai F; Zhang H; Hu T; Zeng Z; Pan W,10.3389/fonc.2026.1730155,41800039,https://doi.org/10.3389/fonc.2026.1730155
REC-AICRCTX-000418,Multi-Phasic CECT Peritumoral Radiomics Predict Treatment Response to Bevacizumab-Based Chemotherapy in RAS-Mutated Colorectal Liver Metastases.,2026,Bioengineering (Basel),Jiao F; Liu Y; Tang Z; Han S; Li T; Zhang Y; Liu P; Huang G; Li H; Zheng Y; Li Z; Lam SK,10.3390/bioengineering13020137,41749677,https://doi.org/10.3390/bioengineering13020137
REC-AICRCTX-000424,Radiomic signatures from baseline CT predict chemotherapy response in unresectable colorectal liver metastases.,2026,J Med Imaging (Bellingham),Piliposyan M; Peoples JJ; Hamghalam M; Mojtahedi R; Kobayashi K; Bunker EC; Gangai N; Kang HC; Chun YS; Muise C; Do RKG; Simpson AL,10.1117/1.jmi.13.1.014505,41536565,https://doi.org/10.1117/1.jmi.13.1.014505
REC-AICRCTX-000442,MRI-based radiomics predicts the pathologic response of colorectal liver metastases to systemic therapy: A multicenter study.,2025,Eur J Radiol,Ammirabile A; Levi R; Boldrini L; Bonifacio C; Mele C; Lofino L; Boccia E; Genco E; Costa G; Famularo S; Salvatore L; Akpinar R; Tran HE; De Vizio S; Santoro A; Terracciano LM; Di Tommaso L; Ricci R; Brizi MG; Francone M; Giuliante F; Torzilli G; Ardito F; Viganò L,10.1016/j.ejrad.2025.112325,40752452,https://doi.org/10.1016/j.ejrad.2025.112325
REC-AICRCTX-000447,A PET-CT radiomics model for immunotherapy response and prognosis prediction in patients with metastatic colorectal cancer.,2025,Front Oncol,Chen W; Zhu P; Chen Y; Sun G,10.3389/fonc.2025.1568755,40485735,https://doi.org/10.3389/fonc.2025.1568755
REC-AICRCTX-000449,Prediction of the Therapeutic Response to Neoadjuvant Chemotherapy for Rectal Cancer Using a Deep Learning Model.,2025,J Anus Rectum Colon,Kubota S; Wakiya T; Morohashi H; Miura T; Kanda T; Matsuzaka M; Sasaki Y; Sakamoto Y; Hakamada K,10.23922/jarc.2024-085,40302856,https://doi.org/10.23922/jarc.2024-085
REC-AICRCTX-000451,Delta Radiomics and Tumor Size: A New Predictive Radiomics Model for Chemotherapy Response in Liver Metastases from Breast and Colorectal Cancer.,2025,Tomography,Gennaro N; Soliman M; Borhani AA; Kelahan L; Savas H; Avery R; Subedi K; Trabzonlu TA; Krumpelman C; Yaghmai V; Chae Y; Lorch J; Mahalingam D; Mulcahy M; Benson A; Bagci U; Velichko YS,10.3390/tomography11030020,40137560,https://doi.org/10.3390/tomography11030020
REC-AICRCTX-000453,Radiomics-based Machine Learning Approach to Predict Chemotherapy Responses in Colorectal Liver Metastases.,2025,J Anus Rectum Colon,Miyamoto Y; Nakaura T; Ohuchi M; Ogawa K; Kato R; Maeda Y; Eto K; Iwatsuki M; Baba Y; Hirai T; Baba H,10.23922/jarc.2024-077,39882217,https://doi.org/10.23922/jarc.2024-077
REC-AICRCTX-000458,The Use of Artificial Intelligence in Predicting Chemotherapy-Induced Toxicities in Metastatic Colorectal Cancer: A Data-Driven Approach for Personalized Oncology.,2024,Diagnostics (Basel),Froicu EM; Oniciuc OM; Afrăsânie VA; Marinca MV; Riondino S; Dumitrescu EA; Alexa-Stratulat T; Radu I; Miron L; Bacoanu G; Poroch V; Gafton B,10.3390/diagnostics14182074,39335752,https://doi.org/10.3390/diagnostics14182074
REC-AICRCTX-000460,Non-invasive CT radiomic biomarkers predict microsatellite stability status in colorectal cancer: a multicenter validation study.,2024,Eur Radiol Exp,Bodalal Z; Hong EK; Trebeschi S; Kurilova I; Landolfi F; Bogveradze N; Castagnoli F; Randon G; Snaebjornsson P; Pietrantonio F; Lee JM; Beets G; Beets-Tan R,10.1186/s41747-024-00484-8,39186200,https://doi.org/10.1186/s41747-024-00484-8
REC-AICRCTX-000461,Baseline hepatobiliary MRI for predicting chemotherapeutic response and prognosis in initially unresectable colorectal cancer liver metastases.,2024,Abdom Radiol (NY),Chen Y; Lu T; Zhang Y; Li H; Xu J; Li M,10.1007/s00261-024-04492-5,39034308,https://doi.org/10.1007/s00261-024-04492-5
REC-AICRCTX-000463,Predicting response to neoadjuvant chemotherapy for colorectal liver metastasis using deep learning on prechemotherapy cross-sectional imaging.,2024,J Surg Oncol,Davis JMK; Niazi MKK; Ricker AB; Tavolara TE; Robinson JN; Annanurov B; Smith K; Mantha R; Hwang J; Shrestha R; Iannitti DA; Martinie JB; Baker EH; Gurcan MN; Vrochides D,10.1002/jso.27673,38712939,https://doi.org/10.1002/jso.27673
REC-AICRCTX-000466,Machine Learning Predicts Oxaliplatin Benefit in Early Colon Cancer.,2024,J Clin Oncol,Chen L; Wang Y; Cai C; Ding Y; Kim RS; Lipchik C; Gavin PG; Yothers G; Allegra CJ; Petrelli NJ; Suga JM; Hopkins JO; Saito NG; Evans T; Jujjavarapu S; Wolmark N; Lucas PC; Paik S; Sun M; Pogue-Geile KL; Lu X,10.1200/jco.23.01080,38315963,https://doi.org/10.1200/jco.23.01080
REC-AICRCTX-000467,A multiomics analysis-assisted deep learning model identifies a macrophage-oriented module as a potential therapeutic target in colorectal cancer.,2024,Cell Rep Med,Bao X; Li Q; Chen D; Dai X; Liu C; Tian W; Zhang H; Jin Y; Wang Y; Cheng J; Lai C; Ye C; Xin S; Li X; Su G; Ding Y; Xiong Y; Xie J; Tano V; Wang Y; Fu W; Deng S; Fang W; Sheng J; Ruan J; Zhao P,10.1016/j.xcrm.2024.101399,38307032,https://doi.org/10.1016/j.xcrm.2024.101399
REC-AICRCTX-000471,An automated deep learning pipeline for EMVI classification and response prediction of rectal cancer using baseline MRI: a multi-centre study.,2024,NPJ Precis Oncol,Cai L; Lambregts DMJ; Beets GL; Maas M; Pooch EHP; Guérendel C; Beets-Tan RGH; Benson S,10.1038/s41698-024-00516-x,38253770,https://doi.org/10.1038/s41698-024-00516-x
REC-AICRCTX-000476,Deep radiomics-based fusion model for prediction of bevacizumab treatment response and outcome in patients with colorectal cancer liver metastases: a multicentre cohort study.,2023,EClinicalMedicine,Zhou S; Sun D; Mao W; Liu Y; Cen W; Ye L; Liang F; Xu J; Shi H; Ji Y; Wang L; Chang W,10.1016/j.eclinm.2023.102271,37869523,https://doi.org/10.1016/j.eclinm.2023.102271
REC-AICRCTX-000478,PAIP 2020: Microsatellite instability prediction in colorectal cancer.,2023,Med Image Anal,Kim K; Lee K; Cho S; Kang DU; Park S; Kang Y; Kim H; Choe G; Moon KC; Lee KS; Park JH; Hong C; Nateghi R; Pourakpour F; Wang X; Yang S; Jahromi SAF; Khani A; Kim HR; Choi DH; Han CH; Kwak JT; Zhang F; Han B; Ho DJ; Kang GH; Chun SY; Jeong WK; Park P; Choi J,10.1016/j.media.2023.102886,37494811,https://doi.org/10.1016/j.media.2023.102886
REC-AICRCTX-000482,Association of collagen deep learning classifier with prognosis and chemotherapy benefits in stage II-III colon cancer.,2023,Bioeng Transl Med,Jiang W; Wang H; Chen W; Zhao Y; Yan B; Chen D; Dong X; Cheng J; Lin Z; Zhuo S; Wang H; Yan J,10.1002/btm2.10526,37206212,https://doi.org/10.1002/btm2.10526
REC-AICRCTX-000485,Tumor-infiltrating immune cells based TMEscore and related gene signature is associated with the survival of CRC patients and response to fluoropyrimidine-based chemotherapy.,2022,Front Oncol,Guo XW; Li SQ; Lei RE; Ding Z; Hu BL; Lin R,10.3389/fonc.2022.953321,36110947,https://doi.org/10.3389/fonc.2022.953321
REC-AICRCTX-000491,Gene-Mutation-Based Algorithm for Prediction of Treatment Response in Colorectal Cancer Patients.,2022,Cancers (Basel),Johnson H; El-Schich Z; Ali A; Zhang X; Simoulis A; Wingren AG; Persson JL,10.3390/cancers14082045,35454952,https://doi.org/10.3390/cancers14082045
REC-AICRCTX-000492,Comprehensive Analysis of Microsatellite-Related Transcriptomic Signature and Identify Its Clinical Value in Colon Cancer.,2022,Front Surg,Luo R; Li Y; Wu Z; Zhang Y; Luo J; Yang K; Qin X; Wang H; Huang R; Wang H; Luo H,10.3389/fsurg.2022.871823,35433823,https://doi.org/10.3389/fsurg.2022.871823
REC-AICRCTX-000496,Histopathologic and Molecular Biomarkers of PD-1/PD-L1 Inhibitor Treatment Response among Patients with Microsatellite Instability‒High Colon Cancer.,2022,Cancer Res Treat,Hyung J; Cho EJ; Kim J; Kim JH; Kim JE; Hong YS; Kim TW; Sung CO; Kim SY,10.4143/crt.2021.1133,35038827,https://doi.org/10.4143/crt.2021.1133
REC-AICRCTX-000497,Identifying Cell Type-Specific Chemokine Correlates with Hierarchical Signal Extraction from Single-Cell Transcriptomes.,2022,Pac Symp Biocomput,Chao S; Brenner MP; Hacohen N,10.1142/9789811250477_0024,34890154,https://doi.org/10.1142/9789811250477_0024
REC-AICRCTX-000498,Magnetic resonance imaging-radiomics evaluation of response to chemotherapy for synchronous liver metastasis of colorectal cancer.,2021,World J Gastroenterol,Ma YQ; Wen Y; Liang H; Zhong JG; Pang PP,10.3748/wjg.v27.i38.6465,34720535,https://doi.org/10.3748/wjg.v27.i38.6465
REC-AICRCTX-000503,"Treatment response prediction using MRI-based pre-, post-, and delta-radiomic features and machine learning algorithms in colorectal cancer.",2021,Med Phys,Shayesteh S; Nazari M; Salahshour A; Sandoughdaran S; Hajianfar G; Khateri M; Yaghobi Joybari A; Jozian F; Fatehi Feyzabad SH; Arabi H; Shiri I; Zaidi H,10.1002/mp.14896,33894058,https://doi.org/10.1002/mp.14896
REC-AICRCTX-000505,Development and validation of magnetic resonance imaging-based radiomics models for preoperative prediction of microsatellite instability in rectal cancer.,2021,Ann Transl Med,Zhang W; Huang Z; Zhao J; He D; Li M; Yin H; Tian S; Zhang H; Song B,10.21037/atm-20-7673,33569436,https://doi.org/10.21037/atm-20-7673
REC-AICRCTX-000510,Multi-modal radiomics model to predict treatment response to neoadjuvant chemotherapy for locally advanced rectal cancer.,2020,World J Gastroenterol,Li ZY; Wang XD; Li M; Liu XJ; Ye Z; Song B; Yuan F; Yuan Y; Xia CC; Zhang X; Li Q,10.3748/wjg.v26.i19.2388,32476800,https://doi.org/10.3748/wjg.v26.i19.2388
REC-AICRCTX-000511,Deep learning-based radiomic features for improving neoadjuvant chemoradiation response prediction in locally advanced rectal cancer.,2020,Phys Med Biol,Fu J; Zhong X; Li N; Van Dams R; Lewis J; Sung K; Raldow AC; Jin J; Qi XS,10.1088/1361-6560/ab7970,32092710,https://doi.org/10.1088/1361-6560/ab7970
REC-AICRCTX-000512,FOLFOX treatment response prediction in metastatic or recurrent colorectal cancer patients via machine learning algorithms.,2020,Cancer Med,Lu W; Fu D; Kong X; Huang Z; Hwang M; Zhu Y; Chen L; Jiang K; Li X; Wu Y; Li J; Yuan Y; Ding K,10.1002/cam4.2786,31893575,https://doi.org/10.1002/cam4.2786
REC-AICRCTX-000518,Predicting Clinical Outcomes in Colorectal Cancer Using Machine Learning.,2018,Stud Health Technol Inform,Gründner J; Prokosch HU; Stürzl M; Croner R; Christoph J; Toddenroth D,10.3233/978-1-61499-852-5-101,29677931,https://doi.org/10.3233/978-1-61499-852-5-101
REC-AICRCTX-000519,Urine metabolomics as a predictor of patient tolerance and response to adjuvant chemotherapy in colorectal cancer.,2017,Mol Clin Oncol,Dykstra MA; Switzer N; Eisner R; Tso V; Foshaug R; Ismond K; Fedorak R; Wang H,10.3892/mco.2017.1407,29142749,https://doi.org/10.3892/mco.2017.1407
REC-AICRCTX-000528,Development and validation of a multivariable CT-based Delta-radiomics model for predicting efficacy to bevacizumab therapy in patients with colorectal liver metastases.,2026,Transl Cancer Res,Yuan L; Li S; Cao Y; Xu M; Xi H; Yang J; Zhou J,10.21037/tcr-2026-0614,42591556,https://doi.org/10.21037/tcr-2026-0614
REC-AICRCTX-000542,Assessment of Large Language Models in Colorectal Cancer Multidisciplinary Tumor Board Decision-Making: A Retrospective Single-Center Comparison of Guideline-Integrated General-Purpose vs. Domain-Specialized Models.,2026,Curr Oncol,Farzaliyeva A; Ramazanoglu MN; Oguz A; Altundag O; Akcali Z,10.3390/curroncol33060309,42346209,https://doi.org/10.3390/curroncol33060309
REC-AICRCTX-000567,Comprehensive machine learning analysis of a radiomics-based model for predicting microsatellite instability in right Colon Cancer.,2026,Front Oncol,Li J; Liu L; Zhong X; Yang R; Wang W; Yin L; Li D; Liu H,10.3389/fonc.2026.1759980,41889391,https://doi.org/10.3389/fonc.2026.1759980
REC-AICRCTX-000569,dMMR prediction from colorectal cancer histopathology: Leveraging non-tumor and low-magnification regions.,2026,Comput Methods Programs Biomed,Petäinen L; Väyrynen JP; Böhm J; Ruusuvuori P; Ahtiainen M; Elomaa H; Karjalainen H; Kastinen M; Tapiainen VV; Äijälä VK; Sirniö P; Tuomisto A; Mäkinen MJ; Mecklin JP; Pölönen I; Äyrämö S,10.1016/j.cmpb.2026.109317,41875848,https://doi.org/10.1016/j.cmpb.2026.109317
REC-AICRCTX-000613,Clinical implementation of an AI-based prediction model for decision support for patients undergoing colorectal cancer surgery.,2025,Nat Med,Rosen AW; Ose I; Gögenur M; Andersen LPK; Bojesen RD; Vogelsang RP; Rose MH; Steenfos PW; Hansen LB; Spuur HS; Raben I; Skou ST; Holm EA; Mortensen K; Kjær T; Eriksen JR; Gögenur I,10.1038/s41591-025-03942-x,40968272,https://doi.org/10.1038/s41591-025-03942-x
REC-AICRCTX-000618,Deepath-MSI: a clinic-ready deep learning model for microsatellite instability detection in colorectal cancer using whole-slide imaging.,2025,NPJ Precis Oncol,Feng X; Yin W; Ye Q; Chi Y; Wen H; Sun Y; Zheng J; Wang Q; Wang Q; Zhao M; Yuan L; Xu Q; Su D; Zhou X,10.1038/s41698-025-01094-2,40877434,https://doi.org/10.1038/s41698-025-01094-2
REC-AICRCTX-000633,Utilizing intratumoral and peritumoral ultrasound radiomics for predicting KRAS gene mutation status in rectal cancer patients.,2025,J Appl Clin Med Phys,Gan Y; Hu Q; Shen Q; Qian Q; Lin P; Zhuo M; Xue E; Chen Z,10.1002/acm2.70153,40653800,https://doi.org/10.1002/acm2.70153
REC-AICRCTX-000642,Leveraging automated machine learning to predict colon cancer prognosis from clinical features and risk groups: a retrospective cohort study.,2025,Eur J Surg Oncol,Woerner J; Nam Y; Jung SH; Shivakumar M; Lee M; Choe EK; Kim MJ; Shin R; Ryoo SB; Jeong SY; Park KJ; Chan Park S; Sohn DK; Oh JH; Kim D; Park JW,10.1016/j.ejso.2025.110194,40480085,https://doi.org/10.1016/j.ejso.2025.110194
REC-AICRCTX-000643,Single-cell and bulk transcriptome analyses reveal elevated amino acid metabolism promoting tumor-directed immune evasion in colorectal cancer.,2025,Front Immunol,Sun T; Chen Y; Chen YX,10.3389/fimmu.2025.1575829,40475762,https://doi.org/10.3389/fimmu.2025.1575829
REC-AICRCTX-000651,CAN-Scan: A multi-omic phenotype-driven precision oncology platform identifies prognostic biomarkers of therapy response for colorectal cancer.,2025,Cell Rep Med,Chia S; Wen Seow JJ; Peres da Silva R; Suphavilai C; Shirgaonkar N; Murata-Hori M; Zhang X; Yong EY; Pan J; Thangavelu MT; Periyasamy G; Yap A; Anand P; Muliaditan D; Chan YS; Siyu W; Yong CW; Hong N; Ran G; Sim NL; Guo YA; Yi Teh AX; Wei Ling CC; Wei Tan EK; Pei Cherylin FW; Chang M; Han S; Seow-En I; Chen Hui LR; Hsia Gan AH; Yap CK; Ng HH; Skanderup AJ; Chinswangwatanakul V; Riansuwan W; Trakarnsanga A; Pithukpakorn M; Tanjak P; Chaiboonchoe A; Park D; Kim DK; Iyer NG; Tsantoulis P; Tejpar S; Kim JE; Kim TI; Sampattavanich S; Tan IB; Nagarajan N; DasGupta R,10.1016/j.xcrm.2025.102053,40187357,https://doi.org/10.1016/j.xcrm.2025.102053
REC-AICRCTX-000683,Machine learning model predicting factors for incisional infection following right hemicolectomy for colon cancer.,2024,BMC Surg,Li J; Yan Z,10.1186/s12893-024-02543-8,39354475,https://doi.org/10.1186/s12893-024-02543-8
REC-AICRCTX-000701,Habitat-based radiomics analysis for evaluating immediate response in colorectal cancer lung metastases treated by radiofrequency ablation.,2024,Cancer Imaging,Huang H; Chen H; Zheng D; Chen C; Wang Y; Xu L; Wang Y; He X; Yang Y; Li W,10.1186/s40644-024-00692-w,38532520,https://doi.org/10.1186/s40644-024-00692-w
REC-AICRCTX-000704,A computed tomography-based multitask deep learning model for predicting tumour stroma ratio and treatment outcomes in patients with colorectal cancer: a multicentre cohort study.,2024,Int J Surg,Cui Y; Zhao K; Meng X; Mao Y; Han C; Shi Z; Yang X; Tong T; Wu L; Liu Z,10.1097/js9.0000000000001161,38348900,https://doi.org/10.1097/js9.0000000000001161
REC-AICRCTX-000711,Identifying Genetic Mutation Status in Patients with Colorectal Cancer Liver Metastases Using Radiomics-Based Machine-Learning Models.,2023,Cancers (Basel),Wesdorp N; Zeeuw M; van der Meulen D; van 't Erve I; Bodalal Z; Roor J; van Waesberghe JH; Moos S; van den Bergh J; Nota I; van Dieren S; Stoker J; Meijer G; Swijnenburg RJ; Punt C; Huiskens J; Beets-Tan R; Fijneman R; Marquering H; Kazemier G; On Behalf Of The Dutch Colorectal Cancer Group Liver Expert Panel,10.3390/cancers15235648,38067353,https://doi.org/10.3390/cancers15235648
REC-AICRCTX-000712,"Investigating the Feasibility of Predicting KRAS Status, Tumor Staging, and Extramural Venous Invasion in Colorectal Cancer Using Inter-Platform Magnetic Resonance Imaging Radiomic Features.",2023,Diagnostics (Basel),Alshuhri MS; Alduhyyim A; Al-Mubarak H; Alhulail AA; Alomair OI; Madkhali Y; Alghuraybi RA; Alotaibi AM; Alqahtani AGM,10.3390/diagnostics13233541,38066782,https://doi.org/10.3390/diagnostics13233541
REC-AICRCTX-000730,CT-based deep learning model for the prediction of DNA mismatch repair deficient colorectal cancer: a diagnostic study.,2023,J Transl Med,Cao W; Hu H; Guo J; Qin Q; Lian Y; Li J; Wu Q; Chen J; Wang X; Deng Y,10.1186/s12967-023-04023-8,36949511,https://doi.org/10.1186/s12967-023-04023-8
REC-AICRCTX-000739,Predicting Mismatch-Repair Status in Rectal Cancer Using Multiparametric MRI-Based Radiomics Models: A Preliminary Study.,2022,Biomed Res Int,Jing G; Chen Y; Ma X; Li Z; Lu H; Xia Y; Lu Y; Lu J; Shen F,10.1155/2022/6623574,36033579,https://doi.org/10.1155/2022/6623574
REC-AICRCTX-000742,Evaluation of stromal cell infiltration in the tumor microenvironment enable prediction of treatment sensitivity and prognosis in colon cancer.,2022,Comput Struct Biotechnol J,Zhou R; Wen Z; Liao Y; Wu J; Xi S; Zeng D; Sun H; Wu J; Shi M; Bin J; Liao Y; Liao W,10.1016/j.csbj.2022.04.037,35615026,https://doi.org/10.1016/j.csbj.2022.04.037
REC-AICRCTX-000752,A multitask dual-stream attention network for the identification of KRAS mutation in colorectal cancer.,2022,Med Phys,Song K; Zhao Z; Ma Y; Wang J; Wu W; Qiang Y; Zhao J; Chaudhary S,10.1002/mp.15361,34806195,https://doi.org/10.1002/mp.15361
REC-AICRCTX-000754,Development and validation of a weakly supervised deep learning framework to predict the status of molecular pathways and key mutations in colorectal cancer from routine histology images: a retrospective study.,2021,Lancet Digit Health,Bilal M; Raza SEA; Azam A; Graham S; Ilyas M; Cree IA; Snead D; Minhas F; Rajpoot NM,10.1016/s2589-7500(21)00180-1,34686474,https://doi.org/10.1016/s2589-7500(21)00180-1
REC-AICRCTX-000756,Quantitative Prediction of Microsatellite Instability in Colorectal Cancer With Preoperative PET/CT-Based Radiomics.,2021,Front Oncol,Li J; Yang Z; Xin B; Hao Y; Wang L; Song S; Xu J; Wang X,10.3389/fonc.2021.702055,34367985,https://doi.org/10.3389/fonc.2021.702055
REC-AICRCTX-000763,Prediction of clinically actionable genetic alterations from colorectal cancer histopathology images using deep learning.,2020,World J Gastroenterol,Jang HJ; Lee A; Kang J; Song IH; Lee SH,10.3748/wjg.v26.i40.6207,33177794,https://doi.org/10.3748/wjg.v26.i40.6207
REC-AICRCTX-000764,A data-driven approach to a chemotherapy recommendation model based on deep learning for patients with colorectal cancer in Korea.,2020,BMC Med Inform Decis Mak,Park JH; Baek JH; Sym SJ; Lee KY; Lee Y,10.1186/s12911-020-01265-0,32962726,https://doi.org/10.1186/s12911-020-01265-0
REC-AICRCTX-000777,Radiomics-based prediction of microsatellite instability in colorectal cancer at initial computed tomography evaluation.,2019,Abdom Radiol (NY),Golia Pernicka JS; Gagniere J; Chakraborty J; Yamashita R; Nardo L; Creasy JM; Petkovska I; Do RRK; Bates DDB; Paroder V; Gonen M; Weiser MR; Simpson AL; Gollub MJ,10.1007/s00261-019-02117-w,31250180,https://doi.org/10.1007/s00261-019-02117-w
REC-AICRCTX-000791,"Explainable, Lightweight Deep Learning for Colorectal Cancer Microsatellite Instability Screening in Low-Resource Settings",2026,,Adegbosin OT; Patel H,10.64898/2026.04.18.26350809,,https://doi.org/10.64898/2026.04.18.26350809
REC-AICRCTX-000799,CT4CMS: Preoperative Computed Tomography-Based Consensus Molecular Subtyping Prediction in Colorectal Cancer Using Interpretable Deep Learning,2026,,Zhang X; Nie X; Wu T; Cai D; Xue H; Qi L; Wang Y; Cao Y; He L; Zhang Y; Cheng Y; Wang H; Wang X; Li E; Dong Y; Gao F; Wang X,10.64898/2026.03.08.26347898,,https://doi.org/10.64898/2026.03.08.26347898
REC-AICRCTX-000809,Uncertainty-Aware Triage of Microsatellite Instability Status in Colorectal Cancer from H&E-Stained Whole-Slide Images,2025,,Aswolinskiy W; Motiwala M; Paulikat M; Nelius N; Ahadova A; Adam P; Schmidt D; Kloor M; Aichmüller C,10.1101/2025.11.14.25340218,,https://doi.org/10.1101/2025.11.14.25340218
REC-AICRCTX-000812,Can pre-treatment MRI and CT radiomics improve prediction of complete pathological response in locally advanced rectal cancer following neoadjuvant treatment?,2023,,Reddy JK; A S; S BK; Varghese AJ; Sathyamurthy A; John NO; Chandramohan A; Singh A; Joel A; Mittal R; Masih D; Varghese K; J GR; Ram TS; Thomas HMT,10.21203/rs.3.rs-3756695/v1,,https://doi.org/10.21203/rs.3.rs-3756695/v1
REC-AICRCTX-000823,Gradient Boosting Machine based prediction of chemotherapy response and role of p53 mutational and smoking status for progression free survival in metastatic colorectal cancer,2024,,Yıldız O; Gürbüz AF; Eryılmaz MK; Araz M; Yıldırım MS; Bozcuk HŞ; Artaç M,10.21203/rs.3.rs-4265594/v1,,https://doi.org/10.21203/rs.3.rs-4265594/v1
REC-AICRCTX-000830,Endoscopic Image-based Radiomics Classifiers for the Prediction of Neoadjuvant Chemoradiotherapy Response in Rectal Cancer Patients,2022,,Ozawa T; Saikawa Y; Hayama T; Nozawa K; Matsuda K; Ishihara S; Kotoku J; Hashiguchi Y,10.21203/rs.3.rs-1717256/v1,,https://doi.org/10.21203/rs.3.rs-1717256/v1
