record_id,field,main_extraction,blind_qa
000033,stage_context,mixed_all_stages,locally_advanced_rectal
000414,stage_context,mixed_all_stages,locally_advanced_rectal
000799,stage_context,mixed_all_stages,NR
000056,therapeutic_decision,neoadjuvant_response,treatment_intensification
000160,ai_task,segmentation_plus_prediction,other
000147,performance_metric,AUC,accuracy
000043,performance_cohort,NR,internal_test
000147,performance_cohort,cross_validation,internal_test
000033,code_availability,yes,NR
000109,code_availability,NR,no
000414,code_availability,yes,upon_request
000109,data_availability,NR,no
000109,reporting_guideline,other,none_stated
000033,n_analytic,144,25
000192,n_analytic,2717,288
000642,n_analytic,5335,3581
000147,primary_metric_value,0.73,80
000357,primary_metric_value,0.705,0.679
