therapeutic_decision,radiology_imaging,clinical_tabular,multimodal,digital_pathology,transcriptomics,endoscopy,other,text_ehr,genomics,total
neoadjuvant_response,91,10,17,7,8,3,0,0,0,136
immunotherapy_msi_selection,10,0,0,6,3,0,1,0,0,20
systemic_therapy_selection_response,10,1,1,1,3,0,0,0,1,17
organ_preservation_watch_wait,6,1,1,0,0,6,1,0,0,15
surgical_approach_or_complications,0,9,0,0,0,0,0,0,0,9
targeted_therapy_biomarker,4,0,2,1,0,0,0,0,0,7
adjuvant_chemo_selection,2,2,0,1,2,0,0,0,0,7
toxicity_prediction,4,1,0,0,0,0,1,0,0,6
treatment_intensification,3,0,0,1,0,0,0,0,0,4
other,3,0,0,0,0,0,0,0,0,3
discovery_no_decision,1,0,0,0,1,0,0,0,0,2
treatment_recommendation_llm,0,0,0,0,0,0,0,1,0,1
